utr,alpha,beta,w
18_36793805_36798909_-,2815,36.0,0.9256417780130134
12_120496115_120498793_+,2358,36.0,0.9737298942255831
15_52546744_52552404_-,1191,45.0,0.5926441829475289
15_52546744_52552404_-,1605,36.0,0.11270379342742905
15_52546744_52552404_-,5187,63.0,0.254276276071951
15_78347520_78348530_+,700,18.0,0.9999692849568705
16_87401874_87405079_+,1493,27.0,0.32982881734650293
16_87401874_87405079_+,2870,54.0,0.6479636053120327
11_118406636_118407793_+,617,9.0,0.9979932076680738
10_32900018_32901935_-,1525,36.0,0.9903206100360475
16_31188052_31195171_+,2986,9.0,0.0823229368924023
16_31188052_31195171_+,3220,27.0,0.6580127046142421
16_31188052_31195171_+,3607,18.0,0.22021239843325688
4_151102570_151104952_+,680,9.0,0.35630996991606356
4_151102570_151104952_+,1886,9.0,0.5296612737223692
4_151102570_151104952_+,2129,9.0,0.1136445520236466
2_231711224_231711947_+,390,9.0,0.9973307071729125
5_43289094_43291430_-,2020,27.0,0.9144888695420991
8_144423300_144427279_-,3634,27.0,0.9648751204418446
19_1390570_1395889_+,735,45.0,0.3156474944042179
19_1390570_1395889_+,2940,9.0,0.4333317739278589
19_1390570_1395889_+,5064,9.0,0.24474958425492294
17_41824880_41825957_-,706,45.0,0.9997182616175883
6_132816918_132817648_+,293,9.0,0.9583293185660271
16_715681_719955_+,1757,54.0,0.933997163227412
16_715681_719955_+,4016,54.0,0.055594345479338385
20_62136434_62137249_-,508,9.0,0.9979521967374451
22_41459416_41460787_-,1040,45.0,0.9801010059357815
3_52706492_52711446_+,1654,36.0,0.947607124072722
8_108203169_108203803_-,481,9.0,0.9996637452986354
15_92897423_92900001_+,655,36.0,0.9095649875976412
15_92897423_92900001_+,1330,63.0,0.07916802118621892
12_108566889_108569684_+,2435,63.0,0.9544445106364288
16_1961751_1964040_-,1623,9.0,0.18520126769802536
16_1961751_1964040_-,1974,9.0,0.8049863128887539
19_48966435_48967178_+,449,9.0,0.9999971880048629
3_53224406_53231850_-,6181,18.0,0.8979960960769657
X_78125489_78129596_+,761,45.0,0.8956435559220428
X_78125489_78129596_+,1382,63.0,0.08782365751978417
4_119296118_119299078_-,573,18.0,0.7138275659380541
4_119296118_119299078_-,2004,27.0,0.2357504071948808
7_76302973_76304595_+,306,18.0,0.06720218067329445
7_76302973_76304595_+,1080,9.0,0.3077150106880017
7_76302973_76304595_+,1314,18.0,0.624447136580007
8_81283572_81285077_+,587,9.0,0.42433073123602816
8_81283572_81285077_+,1226,9.0,0.5756641933008089
7_996685_998104_-,1075,45.0,0.9942883840203769
7_10931650_10933992_-,532,9.0,0.9976541632738801
19_48382269_48384782_-,1699,27.0,0.13330656983413083
19_48382269_48384782_-,2203,9.0,0.8386153586913719
10_1038851_1043062_-,3003,63.0,0.9064235704498319
9_133349611_133351726_+,904,9.0,0.0523243042411586
9_133349611_133351726_+,1282,9.0,0.5373264196235888
9_133349611_133351726_+,1642,9.0,0.3226509878916868
9_133349611_133351726_+,1885,9.0,0.07293468860136793
9_133349794_133350468_+,440,27.0,0.16664636506677535
9_133349794_133350468_+,719,9.0,0.8333330594839603
2_231711047_231713841_+,563,9.0,0.17233233235579345
2_231711047_231713841_+,1103,9.0,0.13499785863876446
2_231711047_231713841_+,2471,54.0,0.6692618938442366
15_80137179_80138693_+,1187,18.0,0.9905580057053935
11_117836675_117840668_-,3658,36.0,0.992995988679892
21_39342014_39343459_-,1140,9.0,0.9799431268717927
6_32179350_32181093_+,1411,36.0,0.9957407453904962
12_49184495_49187133_-,2310,36.0,0.9942462204097698
8_73944818_73947120_-,517,18.0,0.316417156413863
8_73944818_73947120_-,715,9.0,0.48233951846803674
8_73944818_73947120_-,1003,54.0,0.09380434186264844
8_73944818_73947120_-,1489,27.0,0.08157513920046046
5_40832355_40833035_-,616,9.0,0.99932329610126
11_66002934_66004449_+,1175,36.0,0.9970881272194635
10_102422944_102424694_-,1417,27.0,0.97364534974742
19_17402638_17404124_-,1150,27.0,0.994706093174171
16_31090791_31091433_-,553,18.0,0.9985414638497445
11_65571090_65574242_+,664,18.0,0.27416261023014993
11_65571090_65574242_+,3094,18.0,0.7249322607904866
3_170864574_170866824_-,546,18.0,0.9749919818412687
22_39312581_39315855_-,2312,9.0,0.12533006429540303
22_39312581_39315855_-,2726,9.0,0.6003295159117085
22_39312581_39315855_-,3023,9.0,0.24699954268884186
8_101196751_101202043_-,3084,27.0,0.8536584817636379
8_101196751_101202043_-,4965,45.0,0.08859318293113068
13_75524918_75526939_-,508,9.0,0.9863142350623367
8_99885691_99887804_-,390,9.0,0.9859943123645324
11_17074353_17075044_-,716,9.0,0.999983764005581
12_55725022_55727095_-,1070,9.0,0.09469462480519485
12_55725022_55727095_-,1376,9.0,0.2989836012579102
12_55725022_55727095_-,1646,9.0,0.5926763160447175
5_82273057_82277988_-,351,9.0,0.053658717364172985
5_82273057_82277988_-,1674,27.0,0.19762538386565684
5_82273057_82277988_-,1926,9.0,0.7396936145829938
14_103335352_103339151_+,988,63.0,0.21370150421860648
14_103335352_103339151_+,1240,36.0,0.09111467077065279
14_103335352_103339151_+,1627,18.0,0.59065989670618
5_149494013_149499593_-,1704,18.0,0.05441733191012468
5_149494013_149499593_-,3576,63.0,0.456195108469856
5_149494013_149499593_-,4512,63.0,0.057908981119823885
5_149494013_149499593_-,5250,63.0,0.34891988820409475
15_63147949_63156031_-,511,9.0,0.13291804071217903
15_63147949_63156031_-,2176,9.0,0.8326577998259248
19_18531450_18533647_-,1648,63.0,0.05085036308919709
19_18531450_18533647_-,1828,9.0,0.9449229236366664
7_100153429_100154512_+,284,9.0,0.07897733713118008
7_100153429_100154512_+,770,18.0,0.9163368588849422
2_197486280_197488336_-,1489,18.0,0.12398490360271765
2_197486280_197488336_-,1732,27.0,0.8671741999844003
3_14197816_14201419_+,535,9.0,0.9486544707923564
21_43772210_43776645_-,2673,45.0,0.9694342470487279
4_39455510_39458740_-,542,9.0,0.19681087768191538
4_39455510_39458740_-,2414,9.0,0.7549957461499428
17_44319324_44323152_-,3458,45.0,0.9959580586371202
9_124857579_124858837_-,958,9.0,0.9999953311213914
20_49288744_49289560_+,562,9.0,0.9985277786338163
7_94663033_94669995_+,5530,63.0,0.09250279093751047
7_94663033_94669995_+,6628,36.0,0.8459193895718071
19_39432906_39433813_-,357,27.0,0.19703070663394917
19_39432906_39433813_-,600,9.0,0.8018381119087316
13_45337179_45337909_-,727,9.0,0.999995094337135
11_64244179_64245053_-,526,36.0,0.9905189697408555
4_118278889_118279620_+,411,9.0,0.6799502836966569
4_118278889_118279620_+,753,9.0,0.3198845338369007
20_49280018_49280709_+,733,9.0,0.9999600370561984
14_103519358_103522477_-,2767,36.0,0.9903315734743551
2_73252561_73253321_+,417,27.0,0.9999408052411203
15_34341412_34342293_-,544,45.0,0.99992512644394
11_63976020_63976843_+,528,9.0,0.9998479593226084
21_46132252_46133149_+,534,54.0,0.9994266144556346
19_41869326_41869998_+,550,27.0,0.9993878718670505
12_4299709_4305650_+,490,36.0,0.07414491297786754
12_4299709_4305650_+,5629,36.0,0.8773128084726708
3_196935101_196939732_-,2879,9.0,0.09928494272799956
3_196935101_196939732_-,4310,27.0,0.837607946430615
13_27254763_27255435_+,759,9.0,0.9996621860541344
14_54423259_54428141_-,1194,45.0,0.9098919502796596
6_170534816_170535705_-,562,27.0,0.9999904464272191
5_177331261_177332546_-,573,36.0,0.3385451587245627
5_177331261_177332546_-,960,27.0,0.6612809709084829
3_134477405_134479015_-,1283,27.0,0.9706840098934151
16_1962672_1963406_-,751,9.0,0.97606745648121
17_64145929_64146776_+,312,9.0,0.9765319968004272
5_77690865_77693624_-,454,9.0,0.06061334265067623
5_77690865_77693624_-,2380,18.0,0.9382924964950359
12_49761403_49765234_+,558,9.0,0.08098799804463655
12_49761403_49765234_+,3276,45.0,0.5513699991847832
12_49761403_49765234_+,3528,27.0,0.33424693643193
17_75134947_75136550_-,542,27.0,0.47990308838308876
17_75134947_75136550_-,1280,27.0,0.5156583486139867
16_30080958_30085677_+,4198,54.0,0.11447004768172224
16_30080958_30085677_+,4423,9.0,0.8666025825278946
2_55232507_55236153_+,1892,9.0,0.12546537304471464
2_55232507_55236153_+,2612,9.0,0.6539978814555959
2_55232507_55236153_+,3170,9.0,0.17665182612990393
7_26209657_26213656_+,448,45.0,0.062307977959768675
7_26209657_26213656_+,1411,54.0,0.09144247152028279
7_26209657_26213656_+,2833,54.0,0.1671559536591181
7_26209657_26213656_+,3679,45.0,0.6648745019295677
19_3052609_3056026_-,2834,63.0,0.5546951170360965
19_3052609_3056026_-,3104,18.0,0.4401531398968225
2_96184558_96187214_-,2326,36.0,0.9879111257501807
3_180983408_180988529_-,1690,36.0,0.06608457315884322
3_180983408_180988529_-,2698,9.0,0.20066613440058745
3_180983408_180988529_-,3994,9.0,0.3895491885275613
3_180983408_180988529_-,4480,54.0,0.10732814168224994
3_180983408_180988529_-,4804,36.0,0.18444985815339576
17_7930226_7930905_-,493,45.0,0.9999881002148386
2_182832974_182835148_-,562,54.0,0.47756613402083
2_182832974_182835148_-,1111,36.0,0.4886985120948257
22_37886464_37887168_+,571,9.0,0.9969808372904896
6_75237374_75238288_-,505,9.0,0.9993030620292259
21_29055504_29056852_-,518,9.0,0.9996372725497202
2_206161540_206162229_+,761,9.0,0.9760078241482153
12_57747426_57752036_-,3760,36.0,0.9669573593117177
11_64316159_64317600_-,890,27.0,0.9629939525537831
16_66931754_66934463_-,950,9.0,0.05794216803393327
16_66931754_66934463_-,1796,9.0,0.07549573491312414
16_66931754_66934463_-,2390,9.0,0.8416444563071169
12_110434524_110437452_-,2529,45.0,0.9722241181618879
19_18574850_18577850_+,298,9.0,0.7222053397310756
19_18574850_18577850_+,469,27.0,0.2693210558334059
19_41305375_41307898_+,1617,45.0,0.5557242642429375
19_41305375_41307898_+,1995,27.0,0.16171437880380396
19_41305375_41307898_+,2238,27.0,0.2780761003814672
10_70202529_70206633_-,3782,27.0,0.9926032735700148
19_49490603_49491274_+,454,9.0,0.3519760652060827
19_49490603_49491274_+,697,9.0,0.648023121144001
16_56608294_56609797_+,566,9.0,0.5205565293199287
16_56608294_56609797_+,962,9.0,0.18640986520714004
16_56608294_56609797_+,1241,9.0,0.29286936336801794
6_32975102_32981805_+,2651,36.0,0.0737458256610507
6_32975102_32981805_+,2975,27.0,0.3956908198041697
6_32975102_32981805_+,6188,54.0,0.5007816067923035
3_12838750_12839830_-,561,9.0,0.9993104754172181
19_14565777_14567130_-,445,9.0,0.26599696527230615
19_14565777_14567130_-,1057,9.0,0.7339956637788844
X_81296894_81298847_+,699,18.0,0.1284372306682532
X_81296894_81298847_+,1626,36.0,0.8651739496593887
6_36598210_36605900_+,4085,45.0,0.13469957939591498
6_36598210_36605900_+,4571,63.0,0.6799510652624641
6_36598210_36605900_+,5201,27.0,0.1554577798722323
20_1368677_1370372_-,1372,27.0,0.97407343833929
3_52524084_52525595_-,1174,36.0,0.9593131664420501
16_634126_635640_-,1029,9.0,0.16016784131872008
16_634126_635640_-,1209,9.0,0.8189395438437582
9_124353165_124354009_-,536,9.0,0.9999952771823534
5_132866568_132868331_+,351,9.0,0.34999859284336254
5_132866568_132868331_+,630,9.0,0.3706269089066574
5_132866568_132868331_+,1170,18.0,0.27419781860679643
16_8852641_8855626_-,685,36.0,0.8554185837233373
16_8852641_8855626_-,2656,45.0,0.13939495792965614
15_78896682_78898433_+,589,18.0,0.06607635029569936
15_78896682_78898433_+,1039,27.0,0.9299451033813105
8_17224663_17232837_-,2269,27.0,0.6218862583087945
8_17224663_17232837_-,3592,18.0,0.23861908765491477
8_17224663_17232837_-,6733,36.0,0.05527168663389344
19_12730339_12731800_-,1128,36.0,0.9990740835278484
11_5247778_5249851_-,575,9.0,0.6133154512549187
11_5247778_5249851_-,1502,9.0,0.278368906621538
11_5247778_5249851_-,1763,9.0,0.108143729043632
3_184177242_184184391_+,6822,36.0,0.9926017197571164
3_12840011_12840750_-,694,9.0,0.9996776876343855
17_28720406_28721561_+,669,9.0,0.9982803353131108
X_155054294_155060603_+,781,36.0,0.9735180625470894
19_5689730_5692176_+,824,9.0,0.46235961692117444
19_5689730_5692176_+,1058,9.0,0.13396547596426045
19_5689730_5692176_+,1895,45.0,0.3934415488486234
12_54349319_54352149_+,1534,27.0,0.5759904874402904
12_54349319_54352149_+,2497,45.0,0.41318051639801007
12_52951180_52953201_+,1297,9.0,0.8313191458808137
12_52951180_52953201_+,1783,9.0,0.12581030933373677
19_1256972_1259440_+,1788,54.0,0.44606726940582214
19_1256972_1259440_+,2121,45.0,0.548928442272314
16_680908_683170_+,1544,27.0,0.05779743672954648
16_680908_683170_+,1814,27.0,0.9357769658802609
6_108210921_108212554_-,1012,36.0,0.8919425623740297
6_108210921_108212554_-,1318,18.0,0.08192387711113651
12_91102328_91104619_-,1061,27.0,0.9777400676535865
12_120196385_120199785_-,2545,9.0,0.15198280709267042
12_120196385_120199785_-,3076,9.0,0.8343080846876034
16_172824_174010_+,937,9.0,0.997783447050712
6_44253298_44254188_+,563,27.0,0.9646261363866568
11_75401339_75407213_+,3034,9.0,0.36833116780319913
11_75401339_75407213_+,3610,9.0,0.6146634080943905
8_98041785_98042517_-,819,9.0,0.9999992570338873
6_35470279_35471085_+,264,9.0,0.6336327454433672
6_35470279_35471085_+,552,9.0,0.36635147997312006
12_56159286_56163796_+,1035,9.0,0.2852743834294081
12_56159286_56163796_+,1224,9.0,0.40138704001011144
12_56159286_56163796_+,1593,9.0,0.06166273185563825
12_56159286_56163796_+,2331,9.0,0.22334315149056658
6_158636173_158638194_-,1696,27.0,0.9945940284419116
9_36211302_36212361_+,730,36.0,0.9999620986140555
14_23322698_23326485_+,2615,54.0,0.3900432777220622
14_23322698_23326485_+,3452,27.0,0.5831241542624644
21_25724179_25725650_-,508,9.0,0.3453246520000858
21_25724179_25725650_-,1156,9.0,0.6539755523848327
3_51993299_51995769_-,2112,45.0,0.9926592515516067
19_17278544_17279642_+,758,36.0,0.9999368645151291
10_70111383_70112580_+,581,27.0,0.13093885030742308
10_70111383_70112580_+,860,36.0,0.8687555643100727
11_72096991_72099158_-,1833,36.0,0.9934881335250711
13_21176925_21179384_+,467,63.0,0.8818371838219935
13_21176925_21179384_+,1025,63.0,0.06802836894176659
10_75397529_75399048_-,532,36.0,0.2819978494790132
10_75397529_75399048_-,910,54.0,0.45255403537447086
10_75397529_75399048_-,1180,27.0,0.2629405532372778
14_100734596_100738524_+,499,45.0,0.9959953988187485
19_7958278_7964107_-,694,63.0,0.15362516069009524
19_7958278_7964107_-,1810,27.0,0.7788998355492808
X_24076485_24078271_+,975,63.0,0.4316312563589557
X_24076485_24078271_+,1461,36.0,0.5504494143249736
8_143579396_143581454_-,1494,9.0,0.687982843572694
8_143579396_143581454_-,1773,9.0,0.27899710987594967
10_78035210_78041016_+,662,9.0,0.6483254121065205
10_78035210_78041016_+,2246,9.0,0.31867027874053727
11_65716944_65720717_-,558,9.0,0.12003835521894972
11_65716944_65720717_-,738,9.0,0.4396003963880552
11_65716944_65720717_-,1062,9.0,0.32466547541809854
11_65716944_65720717_-,3015,36.0,0.11218522838594162
4_173331394_173333514_-,1800,36.0,0.9260176966855845
8_144789464_144792214_-,1958,9.0,0.2626584401225987
8_144789464_144792214_-,2444,9.0,0.7093234408440323
5_171405001_171407425_+,593,9.0,0.2624118531666145
5_171405001_171407425_+,1727,9.0,0.7353121558238647
16_11833549_11838413_-,1041,45.0,0.9456737245598308
20_23633347_23634215_-,526,54.0,0.9999825611832686
7_134932687_134933690_+,617,18.0,0.7925571503020946
7_134932687_134933690_+,896,63.0,0.20571813674709546
X_47584904_47587089_+,943,9.0,0.40532466222834895
X_47584904_47587089_+,1897,9.0,0.5468772043885108
11_65573226_65574498_+,950,18.0,0.999206204128768
20_5099539_5101231_-,1349,36.0,0.9815330447615006
2_206161927_206162659_+,373,9.0,0.2973267932196173
2_206161927_206162659_+,832,9.0,0.7023476871972081
12_54131689_54133143_+,1115,36.0,0.9899303627012596
14_22766947_22773341_+,4554,54.0,0.12827410737236214
14_22766947_22773341_+,4824,18.0,0.827252192165438
16_2757171_2763882_+,586,9.0,0.720276743588223
16_2757171_2763882_+,865,9.0,0.23535080606432726
10_80431799_80437415_+,811,54.0,0.6279120960324228
10_80431799_80437415_+,1189,18.0,0.3460077119871361
12_56155118_56156542_+,280,9.0,0.050608891885730214
12_56155118_56156542_+,631,9.0,0.9333230123922847
9_123379662_123380624_+,647,18.0,0.9999698095453959
15_24977477_24979023_+,1006,9.0,0.8115940251575307
15_24977477_24979023_+,1177,18.0,0.1871501752994012
12_6944175_6946303_+,634,9.0,0.5876403146281747
12_6944175_6946303_+,1858,9.0,0.410938476728457
21_46002819_46005350_+,1256,45.0,0.06022175811624406
21_46002819_46005350_+,2210,45.0,0.934065656229202
19_58392755_58395106_+,611,9.0,0.11788124209870815
19_58392755_58395106_+,899,9.0,0.6048957501001708
19_58392755_58395106_+,2024,27.0,0.27661432893430904
2_218253590_218254656_+,675,63.0,0.9999686914778201
15_82536449_82540432_-,509,9.0,0.4469956123395144
15_82536449_82540432_-,2255,9.0,0.05533333333323076
15_82536449_82540432_-,3776,54.0,0.4526447542293802
3_149964603_149966886_-,1957,36.0,0.9915998968344711
19_41956578_41957234_-,319,18.0,0.10313808220711287
19_41956578_41957234_-,535,9.0,0.8967846482026385
2_216498969_216504386_+,601,9.0,0.6222603809588706
2_216498969_216504386_+,1240,9.0,0.31566407289376763
2_216498969_216504386_+,2572,54.0,0.05678540345186513
5_139626455_139628733_+,1203,45.0,0.8829295527492667
5_139626455_139628733_+,1923,63.0,0.07172638028478084
7_35902775_35907405_+,2515,27.0,0.9346167894718123
19_17860992_17864453_+,671,9.0,0.05791975174794676
19_17860992_17864453_+,1400,9.0,0.44932879343435594
19_17860992_17864453_+,2201,9.0,0.4385514454614227
19_17860992_17864453_+,2381,18.0,0.054092031351542724
17_8381483_8382615_-,501,9.0,0.999662162395945
19_47045606_47046286_-,343,27.0,0.9999907894241954
7_99365590_99366562_+,661,18.0,0.9836058268992405
22_41663515_41664348_+,499,36.0,0.999976065711469
13_46770955_46771715_-,440,18.0,0.9999871480382895
15_64072258_64073328_-,744,27.0,0.9958422083828562
7_74194440_74197401_+,2633,45.0,0.9834023530297401
10_5764922_5766452_-,1204,36.0,0.9848588252158856
6_31797095_31798182_-,763,27.0,0.9977872511698858
2_73956824_73959261_+,1607,9.0,0.5223274074613943
2_73956824_73959261_+,2156,9.0,0.43629620074565645
12_6769543_6771252_+,1194,36.0,0.05968425874674454
12_6769543_6771252_+,1383,18.0,0.9281576591047399
8_96225619_96232240_-,546,27.0,0.1707682827289834
8_96225619_96232240_-,1338,63.0,0.7657484232647129
X_12976511_12977527_+,698,27.0,0.9999798943002451
14_95542973_95545024_+,1630,63.0,0.9856204271521793
14_49583271_49583975_-,436,18.0,0.9993102733594287
17_68046203_68047142_+,633,9.0,0.9986047659934707
19_49489675_49492608_+,1379,9.0,0.14766560278541926
19_49489675_49492608_+,1622,9.0,0.2573329953512382
19_49489675_49492608_+,2018,9.0,0.38432765879332886
19_49489675_49492608_+,2594,45.0,0.1522717693245928
7_5526846_5529963_-,2759,36.0,0.9824577354596822
11_62676197_62678901_-,2154,9.0,0.5271512371512033
11_62676197_62678901_-,2424,9.0,0.4308528474045275
5_135027434_135029621_-,985,45.0,0.6409226858290835
5_135027434_135029621_-,1831,45.0,0.3541776108979398
8_54046066_54048418_-,984,27.0,0.14686714452605057
8_54046066_54048418_-,2028,36.0,0.8443905519647983
7_94428887_94431532_+,679,9.0,0.11552914232513595
7_94428887_94431532_+,1786,63.0,0.35276818920645686
7_94428887_94431532_+,2317,45.0,0.5305584537931511
19_36113409_36114551_-,422,36.0,0.4652502325533203
19_36113409_36114551_-,629,9.0,0.260449868702123
19_36113409_36114551_-,890,9.0,0.27423017247833625
X_154477468_154478243_-,454,18.0,0.9999882048045375
6_31666520_31670643_+,3173,9.0,0.5886576248598768
6_31666520_31670643_+,3578,9.0,0.4099938846688927
8_11838087_11839609_+,595,9.0,0.21399038356303757
8_11838087_11839609_+,865,36.0,0.5206387653765197
8_11838087_11839609_+,1198,45.0,0.2643824094385049
17_51159679_51162728_+,1786,9.0,0.16865755532664223
17_51159679_51162728_+,2362,9.0,0.8020176738263515
22_23971064_23971850_-,477,9.0,0.9999934899332364
2_131483657_131484518_-,546,9.0,0.9983045393096378
4_6640413_6643045_+,2281,54.0,0.9752241247323071
12_56637874_56640492_-,1463,9.0,0.10988039590383776
12_56637874_56640492_-,2300,18.0,0.8883105227916706
17_28713980_28717619_-,3298,45.0,0.9917008770821961
3_129314470_129315560_-,753,36.0,0.9936816483751876
16_30887494_30889230_-,470,9.0,0.2349981807532564
16_30887494_30889230_-,1433,9.0,0.7603268226728069
2_206160266_206163228_+,2036,9.0,0.10666116031713492
2_206160266_206163228_+,2531,9.0,0.6348978668446985
2_206160266_206163228_+,2720,9.0,0.21042544937622987
19_35545587_35547826_+,1647,18.0,0.15366612264754909
19_35545587_35547826_+,1818,9.0,0.5655311018930456
19_35545587_35547826_+,1989,9.0,0.23140057743915338
15_64364010_64366375_-,769,45.0,0.9319445786327883
15_55180505_55183700_-,1899,54.0,0.15501456937361424
15_55180505_55183700_-,2358,36.0,0.8295194884976476
4_140380804_140386026_+,1725,36.0,0.9661850869093098
2_130182326_130183471_+,307,9.0,0.11260172191521511
2_130182326_130183471_+,631,9.0,0.8869187591625209
11_18406816_18408725_+,1010,36.0,0.9743737151065375
10_100523676_100524388_-,648,9.0,0.9999954471972177
3_187668605_187669364_-,419,27.0,0.9999783771830896
11_10796749_10807681_-,10610,36.0,0.9319425365153449
17_81239471_81241581_+,401,9.0,0.1963248638447258
17_81239471_81241581_+,995,36.0,0.10348206258550006
17_81239471_81241581_+,1823,9.0,0.6892869662397106
3_53884109_53886179_-,967,63.0,0.9110430216413445
3_53884109_53886179_-,1723,63.0,0.07586127420029914
X_72271741_72273072_-,473,9.0,0.9929905982260974
7_130504756_130506765_+,1509,45.0,0.9594467961199918
19_12667770_12668815_-,708,36.0,0.9935940975416107
12_6537283_6538674_+,878,9.0,0.39790412382650775
12_6537283_6538674_+,1103,9.0,0.5981464138705491
22_36510549_36512902_-,1450,9.0,0.4667991148491923
22_36510549_36512902_-,2071,9.0,0.520665061717091
3_141925230_141926814_+,933,45.0,0.9250265568547613
3_141925230_141926814_+,1284,27.0,0.07242568253078246
6_99397750_99403010_-,495,54.0,0.19018887521830483
6_99397750_99403010_-,1557,9.0,0.20268102077541417
6_99397750_99403010_-,2079,63.0,0.24362939140588943
6_99397750_99403010_-,3024,27.0,0.24035205980273738
6_99397750_99403010_-,4347,18.0,0.09037286168076522
22_36466735_36468963_-,1549,54.0,0.5379660743925078
22_36466735_36468963_-,1891,27.0,0.457496108914585
12_14774560_14778302_+,437,36.0,0.9646213789865905
X_135032425_135033846_+,1102,36.0,0.9889661481697458
13_27255100_27255826_+,437,9.0,0.9999984840092027
16_51645030_51647432_+,2155,9.0,0.9631287809828402
17_77495913_77500896_+,4649,45.0,0.990613107534839
6_125275049_125279714_-,3808,45.0,0.9579362913846297
19_49107324_49108905_+,1257,36.0,0.9921092427508436
11_66434774_66437726_-,716,9.0,0.05943874088951842
11_66434774_66437726_-,1877,18.0,0.9036311582769198
5_115913061_115914381_+,956,54.0,0.9982541689896793
19_48329051_48330853_+,611,9.0,0.4883238971707313
19_48329051_48330853_+,1520,9.0,0.5113082685862168
22_39522302_39522985_+,366,27.0,0.9999402029852449
X_51901252_51902657_+,841,9.0,0.7211474256520486
X_51901252_51902657_+,1147,9.0,0.27556640641057206
11_32102813_32106055_+,2290,45.0,0.0634599829255599
11_32102813_32106055_+,2704,36.0,0.9237302211168901
22_20125007_20127657_+,610,9.0,0.0973058585976583
22_20125007_20127657_+,1564,9.0,0.1843247778796579
22_20125007_20127657_+,2302,54.0,0.7168988068661816
14_75278936_75282530_+,3274,36.0,0.9326568777758851
12_53445714_53446945_+,889,36.0,0.9768838064663802
8_58581440_58583160_+,1393,36.0,0.9693077283339572
3_120600810_120602800_+,582,9.0,0.8866528570692733
3_120600810_120602800_+,1572,45.0,0.11195897389923201
11_74976556_74979331_+,1144,54.0,0.9255261589633159
7_128865278_128866144_+,545,45.0,0.9999780366297517
22_29767287_29767907_+,418,18.0,0.9999942726828412
19_1036115_1039368_+,2915,45.0,0.9529262017718791
19_58551265_58552738_-,883,45.0,0.20844179385203715
19_58551265_58552738_-,1171,9.0,0.7868182376017949
11_65502613_65503308_+,351,27.0,0.9967656973951784
17_82034835_82036943_-,828,9.0,0.3153084555681798
17_82034835_82036943_-,1071,9.0,0.6690539068787705
X_20124217_20128605_-,537,9.0,0.19458563594330983
X_20124217_20128605_-,834,54.0,0.4265586890785453
X_20124217_20128605_-,1428,63.0,0.18162376305941755
X_20124217_20128605_-,2517,63.0,0.08019412506384707
X_20124217_20128605_-,4056,36.0,0.09097457241628087
19_47756387_47757358_+,420,9.0,0.982936086238795
18_672559_673878_+,927,36.0,0.9856923437313934
12_49127481_49130555_-,2746,27.0,0.99296295095969
4_108624827_108625854_+,490,27.0,0.9991339626966813
2_32023591_32024483_-,559,27.0,0.9798085475104962
7_25119790_25124149_-,495,63.0,0.05879384584547308
7_25119790_25124149_-,909,63.0,0.08243989353542822
7_25119790_25124149_-,1278,63.0,0.8521814366592301
9_19375414_19376688_-,279,9.0,0.43807519867546035
9_19375414_19376688_-,468,9.0,0.5615748374985217
14_100143400_100144536_+,811,45.0,0.999091246480644
2_10783090_10784557_-,673,45.0,0.6156263120088434
2_10783090_10784557_-,1150,27.0,0.381760835810704
8_38059603_38060665_+,726,45.0,0.9999794196959839
3_50255891_50259655_+,2956,36.0,0.5083265748717396
3_50255891_50259655_+,3433,36.0,0.4867112358713883
20_54218718_54220253_+,699,63.0,0.9336761385766632
20_54218718_54220253_+,1257,45.0,0.05794367807963005
4_108666957_108668120_+,620,18.0,0.11780155671036296
4_108666957_108668120_+,854,18.0,0.8817278994225899
6_36967840_36970414_-,2243,45.0,0.9965903622962314
10_131966154_131970933_-,2579,18.0,0.18486119325677172
10_131966154_131970933_-,2831,54.0,0.11150422159094402
10_131966154_131970933_-,3218,36.0,0.6428080996853863
2_28799003_28803240_+,2014,45.0,0.6249033010523496
2_28799003_28803240_+,2617,63.0,0.17982194173159738
2_28799003_28803240_+,3895,63.0,0.18260545790686059
14_68787359_68790792_-,2164,18.0,0.4354545204224591
14_68787359_68790792_-,2812,63.0,0.1652585906667627
14_68787359_68790792_-,3118,9.0,0.3876250523986737
12_6747695_6752662_-,4643,36.0,0.9607316246903441
6_89083896_89085460_+,919,27.0,0.976972470759023
17_58344874_58347884_-,1937,45.0,0.7665164549721213
17_58344874_58347884_-,2675,27.0,0.22481965036596863
14_102080437_102086678_-,998,9.0,0.141590247814862
14_102080437_102086678_-,1430,18.0,0.3260907850853178
14_102080437_102086678_-,1826,36.0,0.09458130553940275
14_102080437_102086678_-,5606,45.0,0.3653858679174454
12_54230639_54242205_-,612,63.0,0.07126570992084957
12_54230639_54242205_-,11232,27.0,0.8045745733683382
17_50182988_50188937_-,3619,63.0,0.5783570376999717
17_50182988_50188937_-,4807,45.0,0.40695796308003046
10_17233469_17237893_+,2066,9.0,0.11465014089583526
10_17233469_17237893_+,3101,9.0,0.07199389654926253
10_17233469_17237893_+,4109,18.0,0.7791965991461143
5_135333599_135335441_-,509,18.0,0.06317096370792083
5_135333599_135335441_-,1031,45.0,0.9339313159365892
4_165341646_165343460_+,481,36.0,0.07948945391436628
4_165341646_165343460_+,1444,63.0,0.9150026457847719
4_98871383_98881442_-,1049,36.0,0.1287344566143629
4_98871383_98881442_-,1418,63.0,0.6642596785576536
4_98871383_98881442_-,2147,36.0,0.15241048027502963
16_18780994_18787095_-,2452,9.0,0.46433329653109445
16_18780994_18787095_-,4153,9.0,0.5323332546871123
12_98599654_98606679_+,1828,18.0,0.10185094320201576
12_98599654_98606679_+,2053,18.0,0.8871408845929538
19_10114716_10120000_-,4416,27.0,0.22179915291310298
19_10114716_10120000_-,4596,9.0,0.55157459435391
19_10114716_10120000_-,5046,9.0,0.18932817166325136
17_58003059_58007239_-,3733,54.0,0.9511181184681438
12_118144285_118145884_+,843,54.0,0.44410666420154865
12_118144285_118145884_+,1275,27.0,0.5558381789075315
19_1270627_1275180_+,2510,36.0,0.869581897380057
19_1270627_1275180_+,3968,27.0,0.06793460701263312
19_8321355_8323640_+,408,9.0,0.5856085686253635
19_8321355_8323640_+,552,9.0,0.11404382844061156
19_8321355_8323640_+,876,9.0,0.26997142278205394
12_124911303_124912013_-,366,9.0,0.9999914395528924
15_48878440_48880483_+,448,36.0,0.22085063085538165
15_48878440_48880483_+,1339,45.0,0.7605993727461253
X_71299641_71301468_+,625,9.0,0.053281502181130286
X_71299641_71301468_+,1507,36.0,0.9430241077732872
11_17074088_17077777_-,2400,9.0,0.2929893143762397
11_17074088_17077777_-,2751,9.0,0.5229987643298569
11_17074088_17077777_-,3444,9.0,0.1443310929024432
12_120438078_120439110_+,273,27.0,0.11162938684520803
12_120438078_120439110_+,633,9.0,0.8883283603250741
15_90082744_90085687_-,1678,36.0,0.9508120559474769
9_137552195_137552855_+,348,18.0,0.9999133222654834
2_231453230_231456436_-,1615,63.0,0.9912786481671139
X_56817019_56818680_+,589,9.0,0.8968632468838408
X_56817019_56818680_+,1327,63.0,0.0753738159361429
19_9847729_9849982_+,1691,9.0,0.057446525320659844
19_9847729_9849982_+,1934,27.0,0.9347353795264257
12_76858414_76859787_-,1048,27.0,0.9776214722288862
11_65121479_65122121_-,486,27.0,0.20329306435814792
11_65121479_65122121_-,711,9.0,0.796688861723527
X_55008754_55009541_-,463,18.0,0.9999789770675718
20_3047569_3048554_+,653,45.0,0.9998803663475648
19_35658310_35659161_+,532,9.0,0.9993153751727364
16_89560376_89567128_+,1529,9.0,0.4646752963769076
16_89560376_89567128_+,2213,9.0,0.24666517983902636
16_89560376_89567128_+,2762,18.0,0.1537774453428727
16_89560376_89567128_+,3005,54.0,0.08966093214140043
11_57325684_57327189_-,1181,27.0,0.9876731355077285
3_156539839_156544739_-,529,18.0,0.06297658781092765
3_156539839_156544739_-,1726,18.0,0.7168151356344769
3_156539839_156544739_-,2041,27.0,0.0607458739704039
3_156539839_156544739_-,3391,63.0,0.08661698945270349
3_156539839_156544739_-,4588,27.0,0.05181325165529056
19_29205020_29207847_-,478,63.0,0.9982100610670721
12_123596304_123598877_+,1832,18.0,0.98290224688311
5_32600704_32604379_+,629,27.0,0.7683820891752992
5_32600704_32604379_+,1241,45.0,0.1695816540671433
5_32600704_32604379_+,3356,36.0,0.052528246628856544
7_98290810_98291845_+,690,36.0,0.999982825011464
12_94971031_94972746_-,1390,27.0,0.9979525422532596
16_83811120_83820037_+,615,45.0,0.6376454159653805
16_83811120_83820037_+,1848,45.0,0.32644874893707887
11_2394671_2397719_+,2697,45.0,0.9957721239059822
6_113860279_113863771_+,875,54.0,0.21533124726083672
6_113860279_113863771_+,1496,54.0,0.551124527958978
6_113860279_113863771_+,3125,63.0,0.22636102376710573
18_56596907_56603356_-,514,18.0,0.9589796470352714
20_2461333_2464199_-,1661,9.0,0.1549827777984675
20_2461333_2464199_-,2543,18.0,0.8069524965626411
8_22587431_22598325_+,6833,36.0,0.9894981295450603
8_97851096_97853313_+,1469,45.0,0.9560157254190171
2_202205879_202207621_-,1088,54.0,0.888183580104537
2_202205879_202207621_-,1439,9.0,0.10410501473353236
X_153928941_153932731_-,2788,18.0,0.9623226266116319
17_28723381_28724053_+,409,9.0,0.9026288274279188
17_28723381_28724053_+,580,27.0,0.08796397533122473
7_74758479_74760992_+,1525,63.0,0.21839328900419364
7_74758479_74760992_+,2191,36.0,0.7666370945990051
15_64687272_64689134_-,653,36.0,0.35135214870480813
15_64687272_64689134_-,1535,36.0,0.6457155321325415
5_73504046_73505935_+,565,9.0,0.1656609211248537
5_73504046_73505935_+,1456,9.0,0.8276212273396117
8_144096036_144097825_+,1294,9.0,0.23439015417539347
8_144096036_144097825_+,1501,9.0,0.7201559254860919
2_276679_278583_+,593,9.0,0.10129576427392538
2_276679_278583_+,836,9.0,0.26260999663226425
2_276679_278583_+,1574,45.0,0.6327149013596802
17_74767860_74769653_+,1304,36.0,0.03706302120760022
17_74767860_74769653_+,1457,36.0,0.9561844058749405
20_62139030_62139978_-,1013,9.0,0.9679915143189257
19_4657244_4658304_-,720,36.0,0.9941510846348034
3_129169183_129172071_-,2512,63.0,0.9624803569535263
12_56663040_56664798_-,1175,36.0,0.6948495214349453
12_56663040_56664798_-,1445,9.0,0.3016261510571256
5_10433293_10440688_+,673,45.0,0.0737632757643821
5_10433293_10440688_+,2050,45.0,0.1348922533288717
5_10433293_10440688_+,3715,36.0,0.19846277035916896
5_10433293_10440688_+,4066,63.0,0.05710163342589532
5_10433293_10440688_+,4534,45.0,0.5067320735112774
21_33903152_33904321_-,472,27.0,0.22632346739924278
21_33903152_33904321_-,868,9.0,0.7736535234466679
9_114597443_114598673_+,572,63.0,0.11835268178679265
9_114597443_114598673_+,923,27.0,0.8815993454434509
10_101781024_101782154_-,807,27.0,0.9744868924164701
11_14504856_14505548_-,662,18.0,0.9999953834066855
22_31104471_31106265_-,1457,36.0,0.9810233320931224
5_17274907_17277143_+,1769,63.0,0.9874442156463792
14_22564604_22565437_-,539,9.0,0.9999952723629539
9_136791950_136793557_+,1294,36.0,0.9828437103276234
19_55386269_55392400_+,365,9.0,0.055985886453036225
19_55386269_55392400_+,608,9.0,0.5273338639578661
19_55386269_55392400_+,1931,18.0,0.37857923948909994
6_26103959_26104610_+,265,9.0,0.9830936136838329
16_21982787_21983960_+,581,9.0,0.7611157314730932
16_21982787_21983960_+,842,18.0,0.23829251207931926
19_18305929_18307855_-,913,36.0,0.9930052069058288
X_155238471_155240117_+,1030,18.0,0.10702452360308054
X_155238471_155240117_+,1318,36.0,0.8855469570229966
7_54751949_54752710_-,474,9.0,0.9999967443105697
9_128691557_128696700_+,1564,63.0,0.0622494357437809
9_128691557_128696700_+,3562,36.0,0.37233352826087196
9_128691557_128696700_+,3940,45.0,0.3001374562147483
9_128691557_128696700_+,4813,36.0,0.2287536051828417
16_29695496_29698999_+,2110,27.0,0.5945228658010748
16_29695496_29698999_+,2452,63.0,0.2401647637616868
16_29695496_29698999_+,3190,45.0,0.13131060597371838
5_178149159_178151293_-,1789,36.0,0.9898603001317177
19_49490874_49491560_+,426,9.0,0.6115947754711865
19_49490874_49491560_+,795,9.0,0.3883325137456039
6_109366213_109369317_-,2022,9.0,0.08960340063033005
6_109366213_109369317_-,2778,27.0,0.8584175612145831
X_70165681_70166624_+,615,45.0,0.9995669615295338
19_58549984_58550676_+,490,9.0,0.19007766087868389
19_58549984_58550676_+,715,9.0,0.8071331966056098
19_46608824_46611093_+,314,9.0,0.2597876732081556
19_46608824_46611093_+,1970,9.0,0.693746610749725
7_118187977_118193124_+,601,9.0,0.3666657815222474
7_118187977_118193124_+,3094,45.0,0.06760517455718885
7_118187977_118193124_+,4219,18.0,0.4441726638403067
7_118187977_118193124_+,4831,36.0,0.08259282166041079
15_76947120_76954692_+,2771,36.0,0.942277549434394
15_44712476_44719177_+,5639,45.0,0.943206746565757
11_75571783_75573083_+,976,45.0,0.9967547666945262
19_41956380_41958683_-,1757,9.0,0.09815290543597928
19_41956380_41958683_-,1982,9.0,0.9007769538225576
6_158191857_158199644_+,535,36.0,0.9376565262993758
9_33038384_33040207_+,662,36.0,0.580854311832439
9_33038384_33040207_+,923,18.0,0.18496840175381413
9_33038384_33040207_+,1517,27.0,0.23090886716687803
13_27253919_27256991_+,566,9.0,0.07366546034904933
13_27253919_27256991_+,1610,9.0,0.30957731832451735
13_27253919_27256991_+,2555,9.0,0.5941159964504344
21_31666957_31667641_+,589,9.0,0.9999980585669209
8_30062711_30064213_-,1096,36.0,0.99106161530863
20_36045321_36051260_-,2973,63.0,0.060818501672661625
20_36045321_36051260_-,5619,36.0,0.806032911423148
3_49358844_49360682_-,1145,54.0,0.32687329205608984
3_49358844_49360682_-,1505,36.0,0.6648475721251507
6_38675624_38677683_-,1725,18.0,0.9241881592815803
19_1086278_1092207_-,3992,45.0,0.9464057957791994
21_34142107_34143334_+,888,36.0,0.9964803247004511
5_163443373_163446451_+,1615,36.0,0.9843346867577167
11_16754570_16757181_+,753,63.0,0.1002452773989689
11_16754570_16757181_+,1302,36.0,0.8868980704081391
20_49278126_49278924_+,779,9.0,0.9999983412449592
9_136850454_136851327_+,587,9.0,0.9784569350053183
13_45333170_45339076_-,508,9.0,0.12132598898934648
13_45333170_45339076_-,1894,27.0,0.681758824436551
13_45333170_45339076_-,2191,45.0,0.19575051211599548
18_49488152_49492133_-,842,9.0,0.09945571850640685
18_49488152_49492133_-,1805,9.0,0.19980015814901428
18_49488152_49492133_-,2732,18.0,0.1317204742781878
18_49488152_49492133_-,3695,45.0,0.5506390900253505
8_53966251_53968412_-,1832,45.0,0.9688968482989456
6_10730314_10731429_+,794,45.0,0.9995512182892375
12_53664865_53665728_-,536,18.0,0.9999929628195829
9_127448809_127449662_-,478,9.0,0.9963274262257859
19_49497419_49498106_+,372,9.0,0.29833221721614933
19_49497419_49498106_+,768,9.0,0.7016654538471131
7_44799091_44803417_+,965,9.0,0.07963119536325136
7_44799091_44803417_+,2531,18.0,0.8899830033895018
15_77041103_77047227_-,814,63.0,0.08282859785959606
15_77041103_77047227_-,1183,36.0,0.8745319738420588
5_83052545_83057454_-,760,63.0,0.42314007654406605
5_83052545_83057454_-,1138,54.0,0.39736747469641787
5_83052545_83057454_-,4585,36.0,0.14685999495067523
11_8682901_8690172_+,1382,9.0,0.0699983261516048
11_8682901_8690172_+,2129,9.0,0.7639993719110783
11_8682901_8690172_+,3029,36.0,0.15037791365896533
17_28723418_28724659_+,373,18.0,0.4163094232563485
17_28723418_28724659_+,913,27.0,0.5446211776192199
4_108621804_108623632_+,435,27.0,0.09957628877205006
4_108621804_108623632_+,588,9.0,0.49873495440211185
4_108621804_108623632_+,975,9.0,0.4016600851523359
X_54815382_54816312_+,419,45.0,0.8934207322222724
X_54815382_54816312_+,662,9.0,0.10637775674760615
5_314116_315274_+,828,36.0,0.9991106019894402
10_84152048_84153545_+,527,9.0,0.17155958881740574
10_84152048_84153545_+,1103,45.0,0.8235260842527907
6_139371506_139373431_-,458,18.0,0.10071464888428763
6_139371506_139373431_-,998,18.0,0.11087218771009816
6_139371506_139373431_-,1196,9.0,0.7670649088702147
X_2740478_2741609_+,756,63.0,0.9999673792619795
18_55222030_55229376_-,1237,9.0,0.06876183079370055
18_55222030_55229376_-,1597,63.0,0.25720411873390175
18_55222030_55229376_-,5242,63.0,0.25691523608019107
18_55222030_55229376_-,5791,63.0,0.29615504738301873
15_48341128_48343673_+,1327,63.0,0.8736240745306685
15_48341128_48343673_+,2218,27.0,0.06418965477607978
16_154100_154803_+,446,9.0,0.9999738989852932
11_7994125_8002162_+,1176,9.0,0.1232743705525943
11_7994125_8002162_+,1419,9.0,0.5393898080593564
11_7994125_8002162_+,2085,9.0,0.3169614389036828
8_73289966_73292210_-,1201,9.0,0.8383277516841302
8_73289966_73292210_-,1624,27.0,0.1084214895342479
12_6965026_6966800_-,1416,36.0,0.9915823947172546
17_38760130_38760908_+,634,9.0,0.9999973544652292
12_112021867_112023751_+,1093,36.0,0.9904580007717976
19_52225519_52229833_+,868,36.0,0.9783166391194189
11_8683926_8684656_+,359,9.0,0.9999979213893213
19_54205975_54207947_+,643,9.0,0.5066522170306376
19_54205975_54207947_+,1696,9.0,0.4712956436274399
9_133350155_133350828_+,355,27.0,0.09698174501407375
9_133350155_133350828_+,742,9.0,0.9029403664968549
10_125788276_125789305_-,697,45.0,0.9996133466734876
13_27433838_27436123_+,1382,9.0,0.179973017939103
13_27433838_27436123_+,1562,9.0,0.3024946981000535
13_27433838_27436123_+,1877,9.0,0.5078957875040196
15_43792674_43796389_+,599,9.0,0.11532131384423694
15_43792674_43796389_+,1364,18.0,0.8788192033637167
6_79200944_79202012_-,521,18.0,0.16706932949426762
6_79200944_79202012_-,755,18.0,0.8310864114211335
11_62764881_62767010_+,674,36.0,0.1469088392044255
11_62764881_62767010_+,1043,9.0,0.36066005016489944
11_62764881_62767010_+,1610,9.0,0.14698846299195845
11_62764881_62767010_+,1871,9.0,0.3453168832766844
17_28325355_28328985_+,454,9.0,0.1876620617162648
17_28325355_28328985_+,1453,9.0,0.14948659269421946
17_28325355_28328985_+,2848,36.0,0.5114504531778299
17_28325355_28328985_+,3307,36.0,0.10297606966811915
10_43385316_43388236_-,2231,63.0,0.9343422804314028
16_397951_401059_+,2719,63.0,0.9822896852682718
8_144105568_144107911_+,2007,36.0,0.9910111529501769
15_40035438_40037318_-,1257,36.0,0.9353256304796583
15_40035438_40037318_-,1527,63.0,0.05992758705976601
8_42405070_42406197_+,797,45.0,0.9997537049842565
19_2270356_2273790_+,1777,9.0,0.051275651723111784
19_2270356_2273790_+,2659,9.0,0.16664853169511853
19_2270356_2273790_+,3010,63.0,0.7802620649440463
7_5604971_5606955_+,1624,54.0,0.9908531513806337
12_68658979_68672201_+,1520,54.0,0.9576034854313766
2_126695842_126696970_+,810,18.0,0.9933258556826597
15_69455127_69456494_+,321,9.0,0.906055033178007
15_69455127_69456494_+,465,18.0,0.09257710521435486
5_133971614_133973162_-,1222,27.0,0.9958680733258557
2_181062490_181063741_+,908,27.0,0.992486986666482
12_91140183_91146552_-,598,54.0,0.39965386260971114
12_91140183_91146552_-,994,54.0,0.5489867918736561
5_134194033_134198144_-,1041,54.0,0.7734504412689341
5_134194033_134198144_-,1392,63.0,0.10970019484058235
5_134194033_134198144_-,1689,63.0,0.06698289832715454
3_101685728_101686857_-,489,9.0,0.7356472691132616
3_101685728_101686857_-,1128,9.0,0.26376159032079555
7_56101268_56103311_-,1720,27.0,0.9489781998960417
13_21146870_21149384_+,257,18.0,0.10133747112966758
13_21146870_21149384_+,689,63.0,0.7918889622827543
13_21146870_21149384_+,1463,54.0,0.06869773641305227
10_100523439_100524439_-,701,9.0,0.9993198816541266
17_47682103_47685805_+,960,36.0,0.49080728588959627
17_47682103_47685805_+,1518,63.0,0.3206540851102748
17_47682103_47685805_+,2526,63.0,0.09696921640752161
X_48574867_48579366_+,3375,63.0,0.9741088772964038
15_59637761_59639457_-,574,27.0,0.9603121654937429
19_18279459_18280740_-,941,27.0,0.9907995066247904
2_85596218_85597913_+,615,18.0,0.20534052618236512
2_85596218_85597913_+,894,9.0,0.4889069383026651
2_85596218_85597913_+,1137,18.0,0.24338429697032724
2_85596218_85597913_+,1425,27.0,0.06235239963024815
15_84669237_84672047_-,2301,18.0,0.550808854997421
15_84669237_84672047_-,2499,9.0,0.43975411894224786
2_70281061_70281984_-,520,45.0,0.9999409878083072
10_75230597_75231748_+,675,27.0,0.8481866226729431
10_75230597_75231748_+,864,9.0,0.15163158727451231
9_33916937_33920704_+,701,63.0,0.44138418148456054
9_33916937_33920704_+,1034,36.0,0.4500917012276966
9_33916937_33920704_+,3437,36.0,0.10550482740020252
9_127447373_127448289_-,472,9.0,0.8532240955029488
9_127447373_127448289_-,670,27.0,0.14674708348349264
16_1348939_1350494_-,1237,36.0,0.9843543625150252
3_150541693_150545925_-,1690,18.0,0.4574632411301904
3_150541693_150545925_-,3391,36.0,0.34829672761461566
3_150541693_150545925_-,3877,63.0,0.13874521217661717
4_39452220_39454949_-,479,9.0,0.7033931812307564
4_39452220_39454949_-,866,9.0,0.2949635260907767
22_39528792_39530825_-,1705,36.0,0.9931044004438525
15_66497714_66503829_-,4484,18.0,0.9649555992770648
12_21635041_21636009_-,641,27.0,0.9998414002816042
10_68340873_68343491_+,1141,27.0,0.12604504599207542
10_68340873_68343491_+,1402,9.0,0.3895638721241135
10_68340873_68343491_+,2302,36.0,0.47409258698674683
15_82536487_82537181_-,481,27.0,0.9999946708636506
19_36125367_36126247_+,354,9.0,0.3179492946127018
19_36125367_36126247_+,588,9.0,0.6818878460050053
3_101592326_101594737_+,644,45.0,0.09236256081067919
3_101592326_101594737_+,2084,36.0,0.8546196856040164
3_12834184_12836523_-,487,9.0,0.9933186824062065
13_37562282_37563670_-,1056,45.0,0.9955747815739775
19_38380598_38384124_+,590,9.0,0.06932101454083464
19_38380598_38384124_+,1805,9.0,0.3626575577531019
19_38380598_38384124_+,2921,9.0,0.28000580180681195
19_38380598_38384124_+,3191,27.0,0.2644533342599454
19_14562840_14566280_+,2597,18.0,0.27534366795873266
19_14562840_14566280_+,3110,45.0,0.7072893492121609
11_61788662_61790902_-,494,9.0,0.40165738639152465
11_61788662_61790902_-,1187,9.0,0.38498680396276785
11_61788662_61790902_-,1826,9.0,0.21293805517830178
5_140644984_140646002_-,558,36.0,0.9999522418498165
16_88809038_88811956_-,2458,36.0,0.953483073032963
10_100360633_100365134_+,2966,45.0,0.15696462521737292
10_100360633_100365134_+,4172,45.0,0.7994870544107288
9_137241610_137244007_+,2091,18.0,0.988912610667223
11_119015411_119016239_-,499,27.0,0.9999831520159025
10_28680957_28683239_+,1732,27.0,0.7838320376229295
10_28680957_28683239_+,1948,36.0,0.20988809838533407
17_82018401_82019681_-,944,36.0,0.997503160071892
9_7796189_7798937_-,577,36.0,0.9384451378517591
12_55718810_55719523_+,594,9.0,0.9919768315127744
2_65086554_65088792_-,888,36.0,0.8558033515800171
2_65086554_65088792_-,1905,36.0,0.13483298846435898
8_48060381_48065008_+,1177,54.0,0.7245229254244103
8_48060381_48065008_+,2185,45.0,0.19094209232776774
2_47159781_47162692_-,2500,36.0,0.9918820108325369
12_110719379_110722937_-,3077,54.0,0.9292516309068518
16_89277177_89288970_-,2291,36.0,0.07623027045404719
16_89277177_89288970_-,3713,63.0,0.31562258134767734
16_89277177_89288970_-,4469,63.0,0.23831305560943444
16_89277177_89288970_-,4757,45.0,0.10268630083800243
16_89277177_89288970_-,5558,63.0,0.15658375264723823
16_89277177_89288970_-,6737,63.0,0.05688641375687658
3_49022401_49023795_+,571,45.0,0.09573857207774616
3_49022401_49023795_+,760,9.0,0.5290699170483826
3_49022401_49023795_+,922,9.0,0.35310576638029795
9_99230124_99230915_+,501,9.0,0.9999850220112465
11_57741508_57743814_+,625,9.0,0.28086785504574496
11_57741508_57743814_+,868,9.0,0.4870193609261114
11_57741508_57743814_+,1570,18.0,0.18826207367890704
19_49497616_49498551_+,580,9.0,0.9996453906289783
12_56712127_56714987_-,2016,9.0,0.07728982533902291
12_56712127_56714987_-,2277,9.0,0.5460066436202632
12_56712127_56714987_-,2583,9.0,0.36731924716559333
17_8377215_8377992_-,482,9.0,0.9999961098771956
18_46079947_46090296_-,5872,9.0,0.17562937723252675
18_46079947_46090296_-,6142,9.0,0.8103666570052821
11_65120327_65122417_-,1004,9.0,0.12542146984153152
11_65120327_65122417_-,1544,9.0,0.21054439775243103
11_65120327_65122417_-,1796,9.0,0.6414151445260419
20_17606736_17610219_+,610,18.0,0.12456326523902808
20_17606736_17610219_+,1240,54.0,0.5140997937689408
20_17606736_17610219_+,1501,27.0,0.3553267326948647
14_23025550_23026675_-,788,36.0,0.9995255652845564
16_28842110_28845296_-,2480,45.0,0.9797744409716692
14_103911987_103915489_-,487,9.0,0.2526620304405835
14_103911987_103915489_-,3007,27.0,0.3464346717454033
14_103911987_103915489_-,3187,9.0,0.36721170627268973
6_106969530_106971960_-,643,27.0,0.10535453445580184
6_106969530_106971960_-,2101,36.0,0.8863954525990411
17_39202688_39203379_+,608,9.0,0.9999986518553634
12_57529801_57531075_-,755,63.0,0.9942367767699165
11_125577203_125584987_+,6995,45.0,0.7579837216606914
11_125577203_125584987_+,7463,36.0,0.2387289281231361
2_230877799_230879548_+,1427,45.0,0.9949093254326231
9_127448200_127448930_-,688,9.0,0.9999983859558409
17_36494922_36496123_+,853,45.0,0.9962839994186651
7_38228554_38230971_+,1832,36.0,0.35389412328639286
7_38228554_38230971_+,2093,27.0,0.6420882560586901
X_103062350_103063196_-,516,45.0,0.999704145125903
2_8682599_8684753_+,1795,63.0,0.9547240209425752
X_154399980_154400715_+,796,9.0,0.9999978545438527
12_103947010_103948227_+,617,9.0,0.3043295120140967
12_103947010_103948227_+,941,9.0,0.6956273176252716
6_43010842_43012769_-,512,54.0,0.997010912627858
2_27070171_27071648_-,375,9.0,0.2883320730981545
2_27070171_27071648_-,1158,9.0,0.7116563729410816
17_16381601_16383045_+,1121,36.0,0.970177359865237
7_42917213_42917873_-,500,9.0,0.9976541475867816
12_95860867_95862141_+,593,9.0,0.999998963094993
X_53430957_53432206_-,918,27.0,0.9876145050904802
4_102794082_102797760_-,1133,63.0,0.37656158436525927
4_102794082_102797760_-,1727,63.0,0.5450755515888591
7_96687650_96689266_-,503,9.0,0.9966322823853861
19_579199_583793_+,2549,9.0,0.05691811772611617
19_579199_583793_+,4250,36.0,0.8861131015404814
16_1962033_1962766_-,343,9.0,0.2066596776726428
16_1962033_1962766_-,703,9.0,0.7933092901223701
17_75776133_75780072_-,1825,36.0,0.235014688170849
17_75776133_75780072_-,2041,18.0,0.20551954608109277
17_75776133_75780072_-,2590,27.0,0.5037249091114943
5_173034098_173035745_+,770,45.0,0.9963599731722839
19_18899213_18900749_-,472,9.0,0.05261114089880028
19_18899213_18900749_-,976,9.0,0.1945772176581624
19_18899213_18900749_-,1210,9.0,0.7526769803052419
5_83579679_83582603_+,1634,63.0,0.5793720844398161
5_83579679_83582603_+,2147,63.0,0.06406123615316632
5_83579679_83582603_+,2606,36.0,0.34007412136888254
4_41267686_41268755_+,724,36.0,0.9992602526460043
2_130190168_130191029_+,573,9.0,0.9999939333342202
11_68031851_68036944_+,1601,9.0,0.17376665328584454
11_68031851_68036944_+,4742,54.0,0.781657967967579
3_48440102_48441334_+,445,9.0,0.6531107059017659
3_48440102_48441334_+,688,9.0,0.34685884342671836
12_6868957_6871248_+,1860,45.0,0.9927437190593295
14_21208835_21213417_-,503,18.0,0.05326971172696868
14_21208835_21213417_-,2447,36.0,0.4369632513098131
14_21208835_21213417_-,2834,27.0,0.45961653873276737
7_140702565_140703310_+,608,9.0,0.9999911273383701
X_102513375_102514386_-,676,36.0,0.9998703512841368
9_124860678_124861855_-,495,9.0,0.9993257809739159
12_65962944_65966595_+,1790,45.0,0.08624918146534936
12_65962944_65966595_+,3284,27.0,0.8559198405682191
X_103377527_103378377_+,509,45.0,0.9996049652876916
19_48960509_48962098_+,600,9.0,0.3273266066509614
19_48960509_48962098_+,1302,9.0,0.6701820403856793
X_101395034_101396454_+,555,9.0,0.9571770818628903
20_18568439_18569863_+,1125,9.0,0.9994837119781694
5_177304297_177307259_+,1884,18.0,0.11938078587310987
5_177304297_177307259_+,2064,9.0,0.2982729666173768
5_177304297_177307259_+,2397,9.0,0.2862971367836104
5_177304297_177307259_+,2649,18.0,0.2861508792193701
2_97647043_97648683_+,295,18.0,0.2236677899979408
2_97647043_97648683_+,574,9.0,0.5103161982276274
2_97647043_97648683_+,1204,9.0,0.26592620099464787
6_10755047_10757281_+,1910,27.0,0.9532944908435487
13_28677802_28679225_+,500,27.0,0.5498870470572069
13_28677802_28679225_+,689,9.0,0.3371637617827905
13_28677802_28679225_+,1067,54.0,0.11155077114907652
22_41673629_41675495_-,662,36.0,0.6898520358362249
22_41673629_41675495_-,1526,27.0,0.3054927227461778
2_20032349_20033579_-,910,27.0,0.9946420413938567
16_83807977_83809725_+,304,9.0,0.10593288576366831
16_83807977_83809725_+,970,9.0,0.08364646091778655
16_83807977_83809725_+,1627,9.0,0.8099442007413657
19_12952388_12953942_+,641,9.0,0.2427521739729069
19_12952388_12953942_+,803,9.0,0.09004248184681231
19_12952388_12953942_+,1217,54.0,0.6668191114216546
17_81822060_81823714_-,1265,54.0,0.9941004592727711
11_67584384_67586956_+,1040,9.0,0.0676399718320519
11_67584384_67586956_+,2012,9.0,0.39817285073810293
11_67584384_67586956_+,2282,9.0,0.5261187118468109
5_179728290_179731225_+,1686,63.0,0.06946271624219036
5_179728290_179731225_+,2289,63.0,0.298066290255082
5_179728290_179731225_+,2613,27.0,0.5760974285956533
22_23894471_23895527_+,296,9.0,0.6683204254804112
22_23894471_23895527_+,575,9.0,0.16792963230771932
22_23894471_23895527_+,782,9.0,0.16362384638235433
15_72198728_72200955_-,1887,36.0,0.9961981396774546
11_102396031_102399166_-,827,36.0,0.07961055380809393
11_102396031_102399166_-,2816,27.0,0.8603479868360386
11_64321391_64322111_+,455,9.0,0.999993541627767
17_32940485_32945406_+,1131,45.0,0.9904044363580056
7_76066110_76067808_+,482,9.0,0.9532989525324383
8_26410063_26413429_+,860,63.0,0.5152212875450263
8_26410063_26413429_+,3029,45.0,0.46288406506935825
3_139517133_139517980_-,532,9.0,0.9999942812064732
11_57741917_57743284_+,248,18.0,0.15666867241675927
11_57741917_57743284_+,464,9.0,0.599490641922381
11_57741917_57743284_+,1157,18.0,0.23994118918459606
7_99457889_99460493_-,484,9.0,0.1433172761575991
7_99457889_99460493_-,1429,9.0,0.34899161911670035
7_99457889_99460493_-,2302,9.0,0.5073148233340737
19_12952818_12954507_-,339,9.0,0.9846426331169099
17_81509670_81511926_-,1931,36.0,0.9920892628880683
18_49488199_49488818_-,383,45.0,0.999975782216364
6_31726737_31729045_-,1985,27.0,0.9785937454518759
12_57748317_57748982_-,682,9.0,0.9999467837370791
9_89316125_89317003_+,589,9.0,0.9999862354624717
5_171410226_171411437_+,649,18.0,0.99997778864725
11_65018270_65022484_+,3876,45.0,0.9693100861921302
19_5678120_5680063_-,518,9.0,0.10556642166218694
19_5678120_5680063_-,824,9.0,0.11597985522951905
19_5678120_5680063_-,1634,9.0,0.7615533922807725
3_141744858_141747860_+,819,54.0,0.9394188822993581
13_27621036_27623752_+,2382,36.0,0.9762541926167435
19_45687153_45687998_-,526,18.0,0.9999922222354435
16_21651568_21657773_+,4357,54.0,0.8951634536425951
16_21651568_21657773_+,5887,45.0,0.09783039730958513
5_131158726_131161184_-,1878,18.0,0.9989000836672977
6_33416141_33418310_-,1445,54.0,0.11242972059604112
6_33416141_33418310_-,1760,9.0,0.867930662901556
15_64365673_64366329_-,686,9.0,0.9976646431932235
2_206161577_206162257_+,725,9.0,0.9929988317107685
20_49278815_49279508_+,589,9.0,0.7795391291596487
20_49278815_49279508_+,769,9.0,0.2197239135342143
7_56060506_56064289_+,2900,63.0,0.7263460744113236
7_56060506_56064289_+,3449,36.0,0.23728348853571524
16_55493_57969_+,1319,9.0,0.06666209593960691
16_55493_57969_+,1958,63.0,0.9052125168352455
16_54918562_54919509_-,572,45.0,0.9946981878270081
17_41689910_41692968_+,257,27.0,0.05495842364533072
17_41689910_41692968_+,455,9.0,0.32836213683408433
17_41689910_41692968_+,1130,9.0,0.22366220898690528
17_41689910_41692968_+,1706,36.0,0.3811714604992946
17_64499315_64505142_-,5503,45.0,0.9534000381437869
5_86619169_86621262_+,455,9.0,0.8986606702676415
5_86619169_86621262_+,1787,9.0,0.097069333787768
6_33275664_33276810_+,529,45.0,0.7455035316077759
6_33275664_33276810_+,772,9.0,0.23847146567705454
10_133362179_133363167_-,650,36.0,0.993661932649141
7_44833927_44835784_-,924,27.0,0.051986820930399774
7_44833927_44835784_-,1518,36.0,0.9202500703204488
22_42085224_42086482_-,369,9.0,0.6620580634864447
22_42085224_42086482_-,927,27.0,0.3347274971749598
8_100151666_100154302_+,1949,9.0,0.25673715006272096
8_100151666_100154302_+,2309,36.0,0.7142376127570956
16_23580701_23582675_-,493,9.0,0.39332501123282065
16_23580701_23582675_-,1681,9.0,0.6036458139696287
19_5894374_5897297_-,2628,9.0,0.9967677545578615
15_64155511_64157209_-,1364,27.0,0.9779162337896161
22_23894765_23895523_+,287,9.0,0.5429297112832259
22_23894765_23895523_+,494,9.0,0.45704616357719285
17_8378844_8380979_-,1288,9.0,0.9773279776367504
14_75131169_75136186_-,1921,36.0,0.5411685019684692
14_75131169_75136186_-,4693,36.0,0.44235957264372866
20_63741829_63743805_+,1634,54.0,0.9934540770482574
3_179623619_179627947_+,859,27.0,0.9893981790701493
22_42081624_42084584_+,614,9.0,0.570330103831849
22_42081624_42084584_+,1766,9.0,0.4057511206159907
19_47755552_47756262_+,471,9.0,0.9997455438487572
22_37676685_37680106_+,578,9.0,0.07096858886502119
22_37676685_37680106_+,2117,9.0,0.6853256278632546
22_37676685_37680106_+,3170,9.0,0.2423257004254182
19_16099366_16103305_+,2191,63.0,0.05545744586455915
19_16099366_16103305_+,2929,63.0,0.08825366420610896
19_16099366_16103305_+,3577,54.0,0.8491891642819233
11_65883440_65888432_-,4082,45.0,0.6066526417046119
11_65883440_65888432_-,4577,45.0,0.3588976202695381
14_52004061_52010991_+,527,45.0,0.08339276172557969
14_52004061_52010991_+,626,18.0,0.9065756220448391
6_31730280_31731141_-,503,45.0,0.9999091712569806
5_149491896_149497160_-,1146,63.0,0.39245588376551244
5_149491896_149497160_-,2820,63.0,0.3111828593482796
5_149491896_149497160_-,3747,63.0,0.1564485818801495
6_63579756_63583887_+,1678,54.0,0.7638494558177705
6_63579756_63583887_+,2650,45.0,0.05410760551683724
6_63579756_63583887_+,3613,54.0,0.1177185091927359
9_35681691_35685639_-,499,63.0,0.05116692229304549
9_35681691_35685639_-,1210,63.0,0.13547470101455505
9_35681691_35685639_-,1489,9.0,0.27768827039290217
9_35681691_35685639_-,3640,9.0,0.49449948326859106
2_84906123_84906975_+,572,9.0,0.9970281768848386
20_49280184_49281481_+,572,9.0,0.5793298743550294
20_49280184_49281481_+,977,9.0,0.42062490569445354
5_72193565_72195740_+,1517,45.0,0.06960989981631567
5_72193565_72195740_+,1850,63.0,0.923353025922721
15_50354658_50372502_+,1307,63.0,0.3227399005651847
15_50354658_50372502_+,1703,63.0,0.16842976175897856
15_50354658_50372502_+,3539,63.0,0.24086099840075453
15_50354658_50372502_+,16670,36.0,0.11796933927508217
17_31851563_31853330_-,1432,36.0,0.9980136807883776
19_12943412_12944789_+,1059,27.0,0.9908564941991093
X_154398196_154403997_+,1923,9.0,0.08197354609300601
X_154398196_154403997_+,2589,9.0,0.6721583139981074
X_154398196_154403997_+,2760,9.0,0.23615371699492485
20_31605537_31606815_+,950,36.0,0.9896504853635734
19_49490314_49490999_+,444,27.0,0.15431892489496826
19_49490314_49490999_+,741,9.0,0.8456634885733261
21_17565127_17570400_+,1798,36.0,0.724446801507411
21_17565127_17570400_+,4948,36.0,0.25797711377250115
11_46381993_46384137_+,933,9.0,0.15310499334194314
11_46381993_46384137_+,1806,18.0,0.840471441008939
14_24216551_24218428_-,1539,36.0,0.9939413355321016
11_123057188_123061629_-,4108,36.0,0.9896222537702156
4_17623498_17634405_+,542,45.0,0.3837491866040563
4_17623498_17634405_+,803,54.0,0.2379745597875466
4_17623498_17634405_+,2108,36.0,0.27961730567872667
18_3255445_3256536_+,743,54.0,0.9999835761822439
5_177593349_177596424_+,2736,45.0,0.9948635682328582
19_12796519_12797466_-,612,36.0,0.9999743329590395
17_4796427_4798803_+,1576,9.0,0.08173578972166917
17_4796427_4798803_+,1882,9.0,0.62523060116996
17_4796427_4798803_+,2116,9.0,0.28039018507508495
4_146189356_146191835_+,617,45.0,0.9918627187664111
6_43511526_43513933_-,2072,36.0,0.992928656642681
11_64243150_64244432_+,338,18.0,0.4892806912612832
11_64243150_64244432_+,545,9.0,0.2826838111561557
11_64243150_64244432_+,986,9.0,0.22396332300699534
2_189011327_189013046_+,706,36.0,0.5086026619145533
2_189011327_189013046_+,1390,36.0,0.4908894924574682
8_109342478_109346253_+,1220,36.0,0.7950327774498339
8_109342478_109346253_+,1940,45.0,0.10128753380771989
8_109342478_109346253_+,3443,36.0,0.07320239341408848
19_55642138_55643769_+,1316,9.0,0.993533953112553
9_72351124_72357356_-,1543,63.0,0.0553578902054976
9_72351124_72357356_-,2866,45.0,0.8319921970369979
9_72351124_72357356_-,5755,63.0,0.06478901690010433
6_132815006_132815679_+,282,9.0,0.9922079912911513
17_75165285_75168638_-,550,63.0,0.09853655700719133
17_75165285_75168638_-,883,36.0,0.8989545117062891
12_55718810_55720387_+,590,9.0,0.7178719625041853
12_55718810_55720387_+,941,9.0,0.28175307944031114
8_79664516_79666475_+,550,27.0,0.2156791406421905
8_79664516_79666475_+,1612,45.0,0.7622762439489081
19_55399444_55402062_-,751,36.0,0.9975470707719363
22_40824234_40827529_-,511,9.0,0.06065279152776692
22_40824234_40827529_-,1042,9.0,0.11399549309897121
22_40824234_40827529_-,1384,63.0,0.5017916507494802
22_40824234_40827529_-,2356,54.0,0.13751759211826012
22_40824234_40827529_-,2860,63.0,0.18330051864937896
X_103675195_103677351_-,1834,36.0,0.9890023608206842
2_119371944_119372860_+,607,9.0,0.9997704720018893
5_40824961_40832873_-,446,9.0,0.9286658714048738
X_119469441_119471619_+,1847,36.0,0.9682346656113295
8_100702667_100703324_-,395,18.0,0.9994749654431112
17_4945351_4947120_-,1427,54.0,0.97863560639398
13_30456403_30463994_-,1478,9.0,0.11099795032355438
13_30456403_30463994_-,2666,63.0,0.0754877281497401
13_30456403_30463994_-,3053,45.0,0.6200163933755348
13_30456403_30463994_-,4124,27.0,0.1179666749444171
12_112404889_112408638_-,2862,9.0,0.30198060672127397
12_112404889_112408638_-,3456,9.0,0.6759577719767556
15_74923293_74923956_-,391,9.0,0.9999982237240551
5_134750463_134752460_+,564,9.0,0.07350986599589299
5_134750463_134752460_+,888,45.0,0.904003374094845
19_47779196_47784986_+,2404,9.0,0.08451722766501645
19_47779196_47784986_+,5464,36.0,0.8966612956127294
20_58908861_58911492_+,2285,63.0,0.9895940492581419
19_18572992_18574090_+,597,27.0,0.2009864929531916
19_18572992_18574090_+,948,9.0,0.7989965308148005
12_122982168_122983207_+,566,9.0,0.2934179770319652
12_122982168_122983207_+,746,9.0,0.705978504436725
17_38852562_38853294_-,387,9.0,0.3803329444924729
17_38852562_38853294_-,783,9.0,0.6196654449234541
16_1960852_1962275_+,634,36.0,0.19098967327859065
16_1960852_1962275_+,940,9.0,0.630068275239947
16_1960852_1962275_+,1156,9.0,0.17889032766720903
18_21628761_21633824_+,571,36.0,0.5272477423487897
18_21628761_21633824_+,1480,63.0,0.4499698573384212
9_136839013_136841487_+,613,9.0,0.287838686844269
9_136839013_136841487_+,2134,45.0,0.6660789421938924
11_75404120_75404866_+,273,9.0,0.361999731460656
11_75404120_75404866_+,813,9.0,0.6379995104145936
12_93405372_93411170_-,1797,27.0,0.6982554174679857
12_93405372_93411170_-,2778,36.0,0.23510688479198585
11_118408699_118410151_+,553,9.0,0.8319288639044504
11_118408699_118410151_+,1120,36.0,0.1672745122635042
16_31090541_31091642_-,769,18.0,0.9977796355700528
9_136724357_136727386_-,2713,63.0,0.9263906214971717
5_151742015_151746624_-,414,9.0,0.5579967918418441
5_151742015_151746624_-,3834,9.0,0.44099585588653245
3_57571062_57572598_-,563,63.0,0.06373039483915073
3_57571062_57572598_-,1211,27.0,0.9347449284091417
16_18791366_18793670_-,448,9.0,0.11225437973979821
16_18791366_18793670_-,1978,36.0,0.8775634434207922
5_111728511_111731346_-,2023,27.0,0.9445438458998666
11_65891092_65891935_+,505,54.0,0.9998343392022077
16_81081637_81084894_-,2112,18.0,0.13699300534466857
16_81081637_81084894_-,2571,63.0,0.8353891354830315
3_186784128_186790200_+,5723,63.0,0.9706625317159141
2_197502738_197503757_+,571,9.0,0.7145229897222213
2_197502738_197503757_+,724,9.0,0.28544068461532013
5_181236608_181243980_-,5964,9.0,0.16266280078269452
5_181236608_181243980_-,6450,9.0,0.5499994684243211
5_181236608_181243980_-,7089,9.0,0.27337301546615983
15_65326826_65329897_-,1264,36.0,0.3937318521848112
15_65326826_65329897_-,1552,27.0,0.3500097821516519
15_65326826_65329897_-,2731,36.0,0.23375123646176516
16_176628_177822_+,940,9.0,0.9988451706632542
2_101003990_101007567_+,455,9.0,0.7799975350649787
2_101003990_101007567_+,2228,9.0,0.1991707294078566
17_50367556_50370886_-,2992,36.0,0.9806985390684484
19_58547296_58551022_+,3173,9.0,0.18049576847365156
19_58547296_58551022_+,3416,27.0,0.8071492588922559
22_38483139_38486740_-,3272,36.0,0.9690245669572102
5_40833578_40834455_-,364,9.0,0.9999986243477219
20_59025166_59030605_-,367,9.0,0.37333130809306475
20_59025166_59030605_-,1942,9.0,0.6219938283749308
4_48860424_48862117_+,796,54.0,0.9713337834722338
13_44431842_44435183_-,1638,36.0,0.98183619181898
11_78068003_78070286_-,443,9.0,0.9599699157754499
9_98015131_98016243_+,706,63.0,0.9990537444773993
9_134842003_134845143_+,877,54.0,0.20564097339676046
9_134842003_134845143_+,1642,45.0,0.26550544392255193
9_134842003_134845143_+,2515,54.0,0.4491091562993251
9_134842003_134845143_+,2848,18.0,0.07420934385217824
14_74479832_74480504_-,535,36.0,0.9999728241580381
2_3575516_3581219_+,1295,9.0,0.1359982819238708
2_3575516_3581219_+,2456,9.0,0.244350158409019
2_3575516_3581219_+,4877,9.0,0.5903324716099879
12_53479105_53481462_+,680,54.0,0.9698924765574461
11_64764305_64770708_-,6075,36.0,0.9671086713740222
17_43002372_43003259_+,563,18.0,0.999796746899828
X_47141915_47142616_-,392,9.0,0.9999921042952197
7_135672452_135676712_+,2058,63.0,0.38424962761491166
7_135672452_135676712_+,2679,63.0,0.48293195965288305
7_135672452_135676712_+,3939,36.0,0.09881063161743728
5_1814371_1814999_+,271,9.0,0.999997882883279
7_101239157_101240528_-,890,27.0,0.961592959668846
17_63827319_63832326_+,4295,27.0,0.20440760274949896
17_63827319_63832326_+,4466,9.0,0.589949707892512
17_63827319_63832326_+,4691,18.0,0.1896114461558455
6_31839363_31840066_+,445,9.0,0.9999727011097842
11_77614229_77616995_-,820,27.0,0.9945584188009766
11_811296_813180_+,553,9.0,0.514993082929605
11_811296_813180_+,1507,9.0,0.43120430985072683
11_811296_813180_+,1606,9.0,0.053561155860956895
22_39313518_39314211_-,669,9.0,0.9793287694653156
11_319368_320500_-,815,18.0,0.9999802988159406
18_31598330_31599321_+,510,9.0,0.9900782969515471
14_20455501_20458072_+,2232,45.0,0.9847192531238975
7_134442049_134443070_-,690,27.0,0.9975541199649667
3_185915605_185919796_-,2497,63.0,0.4160405963514059
3_185915605_185919796_-,3019,36.0,0.5765612601592665
11_116832584_116833372_+,488,9.0,0.9993154984192727
10_70146988_70152775_-,355,9.0,0.12862094200539795
10_70146988_70152775_-,2542,36.0,0.7560895122961929
10_70146988_70152775_-,3181,36.0,0.07691483085032261
12_106237576_106240649_-,2652,63.0,0.9451821733006183
12_56309541_56313185_-,612,27.0,0.05543257483253816
12_56309541_56313185_-,2763,9.0,0.9353301820064021
17_8158848_8161764_-,1349,18.0,0.8519433752320247
17_8158848_8161764_-,2555,18.0,0.11967537198528698
9_128163142_128164228_+,742,54.0,0.9999728856582205
11_2608027_2700294_-,3434,63.0,0.374611277286479
11_2608027_2700294_-,16286,45.0,0.2081403515470523
11_2608027_2700294_-,22082,63.0,0.2672483711664686
6_73515449_73519816_-,2271,45.0,0.9915811272411368
19_49687861_49689329_+,598,9.0,0.9957997890596249
4_153780291_153781750_-,526,54.0,0.2968304768479169
4_153780291_153781750_-,1129,45.0,0.7025723368534892
19_18566964_18569687_+,2413,18.0,0.9864589972531196
17_81842858_81847647_-,4453,45.0,0.9883733932608452
19_19525881_19529354_+,2111,9.0,0.1298408034304288
19_19525881_19529354_+,2381,9.0,0.7857552005886431
X_150986827_150991075_+,618,9.0,0.17665924201745298
X_150986827_150991075_+,1275,63.0,0.07136065292083177
X_150986827_150991075_+,1923,36.0,0.6259400726525861
X_150986827_150991075_+,3921,45.0,0.11898916655993264
11_763043_765324_+,1084,9.0,0.09357270526993655
11_763043_765324_+,1552,9.0,0.7122728453095213
11_763043_765324_+,2029,9.0,0.19161964229684467
6_113932727_113941388_-,646,45.0,0.9735757189016725
12_76036286_76050953_-,511,9.0,0.06666575650103469
12_76036286_76050953_-,1393,54.0,0.19650269156755976
12_76036286_76050953_-,1852,36.0,0.07848928135276448
12_76036286_76050953_-,2653,18.0,0.1446858909336939
12_76036286_76050953_-,3436,63.0,0.3867005113234488
12_76036286_76050953_-,4759,27.0,0.11096780089602756
15_60346833_60347989_-,624,36.0,0.9985364568588065
11_5252889_5254775_-,1615,9.0,0.9999981565971446
7_45911944_45915245_-,2858,36.0,0.9879143401381951
17_39204224_39205027_+,553,9.0,0.9999961824796043
6_18223567_18226446_-,1858,63.0,0.08959436889230718
6_18223567_18226446_-,2245,36.0,0.8644536131801501
17_48929015_48932017_-,473,9.0,0.1316604363302204
17_48929015_48932017_-,1625,45.0,0.8453502180911595
17_81897819_81901291_+,2435,9.0,0.9904745178168817
7_102472817_102474498_-,1037,9.0,0.9636406720201721
17_49403748_49405504_-,628,36.0,0.8769280138704876
17_49403748_49405504_-,1420,27.0,0.12224989181320145
17_42998448_43000402_+,588,9.0,0.07095376380171302
17_42998448_43000402_+,1803,9.0,0.8949268668009495
7_157384566_157386624_+,1692,45.0,0.9859673257912309
2_216660256_216664736_+,4142,45.0,0.9893022853592671
16_89561133_89561817_+,425,27.0,0.10593780943963876
16_89561133_89561817_+,749,9.0,0.8939922179479324
2_38743298_38749815_-,4904,27.0,0.6859956068599325
2_38743298_38749815_-,6209,9.0,0.20080856025258803
2_70088514_70089503_+,631,45.0,0.996169532276087
21_44805316_44807340_-,615,45.0,0.07024376850095763
21_44805316_44807340_-,1461,18.0,0.10301651603370326
21_44805316_44807340_-,1695,27.0,0.8187308239747482
18_31594819_31596149_+,606,9.0,0.9996597349658612
11_61963984_61965838_-,1249,27.0,0.9768738586188737
6_34773145_34774094_+,653,9.0,0.9967943000016741
19_1105065_1107091_+,923,9.0,0.21033810575255255
19_1105065_1107091_+,1418,18.0,0.10989890163904385
19_1105065_1107091_+,1670,54.0,0.6706631998873687
19_13777751_13778762_+,690,36.0,0.9999798426156142
9_136861818_136863170_-,358,9.0,0.15630545721004752
9_136861818_136863170_-,1042,9.0,0.8427831401399795
6_110967209_110968190_+,652,18.0,0.9994936264714144
20_63520983_63522506_+,1040,9.0,0.4280114843155708
20_63520983_63522506_+,1247,9.0,0.5670779592637785
11_66284279_66286058_-,770,9.0,0.06123289587584108
11_66284279_66286058_-,1283,9.0,0.23534436769118794
11_66284279_66286058_-,1463,27.0,0.7009641746684948
6_34417153_34418482_-,1066,9.0,0.9993616124757136
19_44908232_44909693_+,1125,45.0,0.9959730331711826
2_203426876_203448023_+,676,36.0,0.24733257311201454
2_203426876_203448023_+,2827,54.0,0.2695434228854854
2_203426876_203448023_+,4807,36.0,0.10199099470126735
2_203426876_203448023_+,5284,36.0,0.23299734657298968
18_21623618_21624239_+,472,9.0,0.9979884785079476
19_43606918_43608407_-,932,27.0,0.9726867955216059
11_811380_812114_+,470,9.0,0.9999994346352353
17_38847564_38854064_-,1552,9.0,0.08233197989593208
17_38847564_38854064_-,3784,9.0,0.5152461845513812
17_38847564_38854064_-,4009,9.0,0.35375324784601614
6_132816501_132817177_+,257,9.0,0.6496658849720091
6_132816501_132817177_+,707,9.0,0.3503279918934123
15_74919490_74920742_-,474,9.0,0.9509843400005872
17_48894855_48896171_+,634,9.0,0.7616571687550631
17_48894855_48896171_+,1057,9.0,0.23759697431555182
16_85802756_85807344_+,3284,9.0,0.43499765803133295
16_85802756_85807344_+,4265,9.0,0.5183251746449505
5_150442334_150445985_-,466,9.0,0.6059981870646164
5_150442334_150445985_-,1780,9.0,0.3879693101099153
5_139368432_139370020_+,602,27.0,0.13260535401583673
5_139368432_139370020_+,1259,54.0,0.8666536627873699
5_176389197_176390071_+,542,36.0,0.9966292129823908
7_137227040_137228375_-,491,18.0,0.24277183499755062
7_137227040_137228375_-,770,9.0,0.10326493088801876
7_137227040_137228375_-,1013,27.0,0.6536853352018465
3_49095631_49104771_-,6621,54.0,0.0697847798799663
3_49095631_49104771_-,6855,9.0,0.4414794151854731
3_49095631_49104771_-,8862,9.0,0.4686600044530278
12_120461367_120466087_-,4403,36.0,0.9916621327194192
17_64145782_64146452_+,457,9.0,0.9753372918987417
12_53295538_53299750_+,2596,18.0,0.2077712149580675
12_53295538_53299750_+,2776,9.0,0.5502251786068211
12_53295538_53299750_+,3964,9.0,0.1663265548147662
16_1324429_1327318_+,895,36.0,0.9560820039532892
7_22812327_22813485_-,519,9.0,0.9976578679412742
3_101680790_101683207_-,518,9.0,0.23865433683740958
3_101680790_101683207_-,878,9.0,0.33866522394553267
3_101680790_101683207_-,2147,9.0,0.4226243224021146
12_54283511_54287388_+,1012,9.0,0.11032997147577563
12_54283511_54287388_+,1426,18.0,0.2533008116756916
12_54283511_54287388_+,1714,27.0,0.5784671752951359
X_136871967_136876955_-,2986,63.0,0.20540387052990566
X_136871967_136876955_-,3472,27.0,0.7243291175612888
15_24977481_24978618_+,1009,9.0,0.8188277096458125
15_24977481_24978618_+,1171,9.0,0.17881566534490698
15_82538005_82540432_-,506,9.0,0.8019977817517028
15_82538005_82540432_-,1685,9.0,0.08832464294357148
15_82538005_82540432_-,2243,9.0,0.10932751527231316
6_30724097_30725726_+,450,36.0,0.6518104939953879
6_30724097_30725726_+,1287,45.0,0.3455959439386587
7_32485031_32490449_-,3449,63.0,0.8099794952755633
7_32485031_32490449_-,4250,54.0,0.052895673581575355
10_103391890_103392493_-,357,9.0,0.9902398571234602
19_50797403_50799657_-,1925,36.0,0.9853459559708617
9_137189506_137190670_+,832,45.0,0.999577548245664
14_49618218_49619083_-,373,18.0,0.9996490362361541
16_57251967_57253935_+,1620,45.0,0.9460363814970381
22_29769377_29770713_+,583,9.0,0.9066538500045017
22_29769377_29770713_+,997,36.0,0.0930060958001315
12_122981474_122983213_+,784,9.0,0.10171012513162403
12_122981474_122983213_+,1261,18.0,0.2735290237126467
12_122981474_122983213_+,1441,9.0,0.608739371103676
16_67869659_67872867_+,1625,45.0,0.9432015510202852
16_67869659_67872867_+,2885,54.0,0.055569405818105315
2_203189991_203191635_+,1166,45.0,0.3520298528400447
2_203189991_203191635_+,1436,9.0,0.6479336548465064
11_65854374_65856542_-,1698,27.0,0.9776976968006408
13_48260924_48270657_+,490,9.0,0.23065859681836692
13_48260924_48270657_+,940,54.0,0.6605335926416241
13_48260924_48270657_+,1237,63.0,0.10090431537650804
3_181713014_181714736_+,370,36.0,0.5063298819983636
3_181713014_181714736_+,1396,45.0,0.4673415836591805
7_40125722_40133358_-,595,54.0,0.9636828819620838
6_82365924_82371128_+,949,45.0,0.843449284673572
6_82365924_82371128_+,1444,63.0,0.10720773347204374
17_75038562_75040314_-,325,9.0,0.05926986105869265
17_75038562_75040314_-,1198,9.0,0.14779576836539202
17_75038562_75040314_-,1450,9.0,0.7927579989074486
16_2252815_2254363_-,1221,27.0,0.9954595303438742
8_108200915_108202223_-,483,9.0,0.9963350018796105
7_44114380_44118364_-,3173,9.0,0.06765282952854898
7_44114380_44118364_-,3659,18.0,0.910505691951839
5_151660795_151663899_-,1435,36.0,0.9214042961223858
5_151660795_151663899_-,2416,36.0,0.05285366401076671
3_197953197_197954751_+,1073,9.0,0.9999943162805253
6_44113153_44114142_-,434,54.0,0.9946631306954282
17_32369459_32382186_+,490,54.0,0.10556152685137465
17_32369459_32382186_+,895,63.0,0.5534100711537933
17_32369459_32382186_+,11443,63.0,0.1521490816089242
17_32369459_32382186_+,12406,36.0,0.07231857145135881
7_99394662_99397040_-,1022,36.0,0.9905994470933498
6_21595659_21598919_+,405,63.0,0.26084149816370755
6_21595659_21598919_+,1278,63.0,0.29191619554147347
6_21595659_21598919_+,2934,45.0,0.4353242006998949
9_133350546_133351212_+,355,9.0,0.6273276168896615
9_133350546_133351212_+,715,9.0,0.3726594707693677
20_49278639_49279328_+,266,9.0,0.4719297007014489
20_49278639_49279328_+,752,9.0,0.5279967057073792
3_120391992_120397296_-,2997,45.0,0.9589570126476773
17_74203617_74206583_+,326,9.0,0.749664810685586
17_74203617_74206583_+,551,9.0,0.0776127819776185
17_74203617_74206583_+,776,9.0,0.1724601747487131
X_1385851_1387719_-,1455,63.0,0.9945820752627932
16_84565293_84569427_-,3795,45.0,0.9942170473387122
2_74213778_74217865_+,1262,63.0,0.18883733012828816
2_74213778_74217865_+,1496,18.0,0.7119080486525101
11_308502_309695_+,878,27.0,0.9995880371165299
9_107329356_107332494_+,1078,54.0,0.45528787391011943
9_107329356_107332494_+,1546,63.0,0.42920191408784536
9_107329356_107332494_+,2815,36.0,0.07174292017451035
17_81706940_81707826_+,547,36.0,0.9981614563328288
2_200821878_200827638_+,709,54.0,0.10735709017728372
2_200821878_200827638_+,1915,63.0,0.8580503137186464
19_8485302_8489414_+,3793,36.0,0.9776425166769651
12_56117181_56118243_+,645,9.0,0.9626515983958752
2_10439667_10441023_-,599,36.0,0.9974556541255224
11_112084499_112086595_-,1435,27.0,0.9224689602948734
11_112084499_112086595_-,1750,36.0,0.0714862009936914
19_41860811_41861906_+,248,9.0,0.07664908867330483
19_41860811_41861906_+,590,9.0,0.9229945627526219
17_19383141_19385009_-,1305,18.0,0.1924519850236129
17_19383141_19385009_-,1530,27.0,0.8038880527969258
8_116641829_116645305_-,470,9.0,0.9929887218783968
7_6460780_6463475_-,686,63.0,0.5553109442355647
7_6460780_6463475_-,1712,9.0,0.2132751882024395
7_6460780_6463475_-,2351,45.0,0.22389340959257437
22_45562966_45563662_+,373,27.0,0.9999546393664093
2_215360139_215361926_-,1030,54.0,0.9832702716964006
11_32600388_32606562_+,622,9.0,0.45466580510841115
11_32600388_32606562_+,1630,9.0,0.375999315679591
11_32600388_32606562_+,2143,9.0,0.14301115929817937
10_119167402_119168833_-,1098,36.0,0.9838032394252377
11_65422497_65445840_+,4028,54.0,0.07508255551713555
11_65422497_65445840_+,10481,27.0,0.13608863048943656
11_65422497_65445840_+,17159,45.0,0.15293631309015104
11_65422497_65445840_+,17951,45.0,0.3567156256671748
11_65422497_65445840_+,18293,45.0,0.20664012620824426
6_37482619_37483485_-,518,36.0,0.9999769338823511
2_43222101_43224618_-,556,36.0,0.4588028877350564
2_43222101_43224618_-,2194,36.0,0.5103975994543583
7_43638498_43640949_-,1661,45.0,0.8010056662700201
7_43638498_43640949_-,2309,45.0,0.1916160398659475
19_13153558_13155208_+,1327,36.0,0.988053859053206
2_54971886_54973858_-,1016,36.0,0.28429411291415585
2_54971886_54973858_-,1358,27.0,0.05616809957131362
2_54971886_54973858_-,1646,27.0,0.6550293561156783
19_46837835_46838848_-,546,9.0,0.3331286411833151
19_46837835_46838848_-,708,9.0,0.6638639521784033
15_63069569_63072215_+,2321,45.0,0.993856236489161
18_9953752_9960321_+,757,54.0,0.08781731058457105
18_9953752_9960321_+,1054,27.0,0.8061235824813778
18_9953752_9960321_+,2971,36.0,0.08089539745964079
17_41817788_41823517_+,1083,63.0,0.2549518327085762
17_41817788_41823517_+,5394,45.0,0.7276152301296801
7_116917426_116922349_+,1223,54.0,0.6055844879987496
7_116917426_116922349_+,1799,63.0,0.3850506769855466
5_137745350_137753448_-,827,36.0,0.6751654386465288
5_137745350_137753448_-,1880,63.0,0.2692620003564783
11_119017060_119018353_-,477,9.0,0.1449944758854124
11_119017060_119018353_-,1062,9.0,0.8473115116706549
20_49280382_49281072_+,373,9.0,0.603996336040179
20_49280382_49281072_+,778,9.0,0.39599654956844826
8_56072646_56074459_-,863,9.0,0.11532209316652296
8_56072646_56074459_-,1403,9.0,0.862960531978068
19_4090020_4091008_-,639,54.0,0.9999769106299183
7_100088989_100092500_+,1154,63.0,0.08297895436125712
7_100088989_100092500_+,2702,63.0,0.33293105355769737
7_100088989_100092500_+,2945,9.0,0.40206172561478926
7_100088989_100092500_+,3188,18.0,0.13483191253144927
12_15902616_15903778_+,833,45.0,0.9996783969496287
11_839420_840671_-,452,18.0,0.9389788568469589
11_839420_840671_-,884,45.0,0.06023691547054796
X_119786203_119787032_-,530,9.0,0.9999952362422588
5_134148634_134158895_-,1426,63.0,0.8279733097309077
5_134148634_134158895_-,1948,63.0,0.11798889449882533
19_49499211_49499989_+,544,9.0,0.9994116341213705
16_2771113_2772339_-,414,9.0,0.9456559635657223
16_2771113_2772339_-,900,45.0,0.05384695962467596
19_41868730_41869492_+,607,9.0,0.9999970347995643
19_16189195_16192346_+,2822,36.0,0.9705942502591512
17_3669179_3669968_+,466,36.0,0.9999382478663568
10_72273856_72276336_+,2143,45.0,0.9627775225087032
7_128768794_128772107_+,1291,63.0,0.08329271201248133
7_128768794_128772107_+,1750,27.0,0.47344221469730036
7_128768794_128772107_+,2668,45.0,0.4054290273159396
7_42916556_42922231_-,4864,9.0,0.890984552143671
7_42916556_42922231_-,5341,45.0,0.0987772030952703
3_49024024_49025340_-,842,63.0,0.8680592526953984
3_49024024_49025340_-,1085,9.0,0.11839720128100024
2_24067283_24068061_-,454,18.0,0.9998447877669014
9_110243510_110244519_-,500,9.0,0.9989156020409021
X_21994051_21995135_+,761,27.0,0.9971787375196307
8_98041418_98045699_-,823,9.0,0.08730542731881384
8_98041418_98045699_-,3127,9.0,0.49833163214264536
8_98041418_98045699_-,4009,9.0,0.3856661953181027
19_40447464_40448346_-,536,18.0,0.9999715260705845
12_130872535_130877978_+,3732,36.0,0.8832021072963334
12_130872535_130877978_+,5100,45.0,0.07211399273734352
2_231713013_231713698_+,512,27.0,0.9854423690270431
19_9828026_9830415_+,572,9.0,0.24134514380014885
19_9828026_9830415_+,833,9.0,0.5212839808497584
19_9828026_9830415_+,1058,9.0,0.12934808887055244
19_9828026_9830415_+,2156,18.0,0.09686027042540225
7_6402015_6404277_+,241,9.0,0.07221117140134507
7_6402015_6404277_+,574,54.0,0.37082945773439796
7_6402015_6404277_+,1942,36.0,0.5524510005949336
11_2882912_2884303_-,662,36.0,0.6490450824793672
11_2882912_2884303_-,1058,36.0,0.33266596207693533
21_31668170_31669231_+,589,18.0,0.5571620209915279
21_31668170_31669231_+,769,9.0,0.44279401545547936
22_31955838_31957903_+,1752,27.0,0.988644694828827
8_100702615_100705356_-,508,9.0,0.12732508965947043
8_100702615_100705356_-,1138,9.0,0.225658721046898
8_100702615_100705356_-,2173,36.0,0.1500339385175059
8_100702615_100705356_-,2434,9.0,0.4951411537764982
22_23765533_23766483_-,476,9.0,0.11690936778778786
22_23765533_23766483_-,647,9.0,0.8829795682353757
19_3975755_3976853_-,782,18.0,0.9928199079911366
7_123536696_123542520_-,495,36.0,0.052750343696696365
7_123536696_123542520_-,1467,36.0,0.8913266851593412
7_54754491_54756181_-,491,9.0,0.9999983460210335
19_2232848_2234361_-,1174,45.0,0.9955424321625458
19_2321216_2322122_-,586,27.0,0.9999883255194464
5_179613877_179623464_-,9265,36.0,0.9706810664750237
17_76733814_76736743_-,1895,36.0,0.08726556243438838
17_76733814_76736743_-,2597,45.0,0.9083969987714885
15_64962720_64964036_-,990,27.0,0.9938634743396145
11_14504573_14505548_-,663,18.0,0.9992991040349499
19_55387880_55388542_+,317,9.0,0.9242803459184348
19_55387880_55388542_+,569,27.0,0.07563816935867564
8_56073534_56074201_-,244,27.0,0.12331971679400885
8_56073534_56074201_-,604,9.0,0.8765862374680291
19_2425323_2427247_-,388,9.0,0.08983916519679343
19_2425323_2427247_-,658,36.0,0.9020573018803509
2_61867788_61869006_-,532,36.0,0.9746965766293486
7_26189626_26193601_-,1733,36.0,0.7664628748209361
7_26189626_26193601_-,3479,63.0,0.19850871813142446
X_153797157_153798805_+,575,9.0,0.15165356678362388
X_153797157_153798805_+,845,9.0,0.46065673772843957
X_153797157_153798805_+,1169,9.0,0.25556944472045395
X_153797157_153798805_+,1403,9.0,0.13202101919408976
19_48615027_48619475_-,3476,9.0,0.3301347767888695
19_48615027_48619475_-,3683,27.0,0.3483546217331209
19_48615027_48619475_-,4187,9.0,0.2773293048132358
14_69379822_69380940_-,783,45.0,0.9980045498938814
17_78222527_78225936_+,1672,63.0,0.13775806499941384
17_78222527_78225936_+,2140,45.0,0.6779204846213452
17_78222527_78225936_+,2797,36.0,0.1468754236384395
19_42296732_42297665_-,600,27.0,0.9999819035408265
9_34613244_34614991_-,1413,18.0,0.9746057823858252
10_72232700_72236160_+,604,9.0,0.1947415106298523
10_72232700_72236160_+,1081,54.0,0.7855868515763929
2_175175957_175180478_-,1511,9.0,0.07232046679360483
2_175175957_175180478_-,2321,18.0,0.9064674282684646
14_49893964_49897354_+,796,18.0,0.687675670647071
14_49893964_49897354_+,3073,27.0,0.28836946590123747
9_35099475_35102111_-,1600,9.0,0.050280939253369225
9_35099475_35102111_-,2203,18.0,0.9429575733217836
11_67397882_67399463_-,1255,36.0,0.991550515181825
18_47152533_47157718_-,1742,9.0,0.07466134157453407
18_47152533_47157718_-,2660,36.0,0.8992273864768658
2_149569333_149570273_-,380,18.0,0.07940038813057294
2_149569333_149570273_-,623,27.0,0.9202455317673749
15_78548489_78552719_+,682,36.0,0.9952665763072119
2_177218946_177224258_+,853,63.0,0.5284791444930262
2_177218946_177224258_+,1546,63.0,0.12317598117201416
2_177218946_177224258_+,2320,63.0,0.10566855156525
2_177218946_177224258_+,4903,63.0,0.1564763691304004
X_103252694_103254090_-,817,9.0,0.05732054778864746
X_103252694_103254090_-,1078,27.0,0.9027270673086857
X_103216216_103217546_+,960,27.0,0.9805716376016866
10_3775695_3782514_-,3431,45.0,0.7722421425748366
10_3775695_3782514_-,5537,54.0,0.09307866307028935
10_3775695_3782514_-,5951,27.0,0.11614609759673242
15_65887400_65892291_+,652,36.0,0.6873050044686678
15_65887400_65892291_+,2047,45.0,0.2602657774206057
16_1771589_1772813_-,879,36.0,0.9886345110039528
20_62387461_62388820_+,410,9.0,0.5102941424710372
20_62387461_62388820_+,635,9.0,0.39436023437594186
20_62387461_62388820_+,1040,36.0,0.09445103282732432
7_88204817_88206804_-,522,9.0,0.7833305437145127
7_88204817_88206804_-,1665,27.0,0.1884600236584551
22_38683466_38685721_+,998,27.0,0.9867524886801008
17_63695601_63699369_-,1525,27.0,0.979919430480623
X_119242954_119244766_+,1490,36.0,0.9831760903944059
X_103357699_103358762_+,483,27.0,0.11466755157464695
X_103357699_103358762_+,744,27.0,0.8827584832636594
5_69364442_69366054_-,1286,45.0,0.9941410264183287
3_9388548_9392126_-,803,18.0,0.7544446565673354
3_9388548_9392126_-,2072,63.0,0.14218989992374959
17_42124675_42126929_-,1915,54.0,0.9815549671614947
2_26190334_26192724_-,1822,54.0,0.9744914851550914
19_40377685_40378783_+,751,63.0,0.9916223754850885
11_65497461_65506816_+,1859,27.0,0.3400217829270438
11_65497461_65506816_+,2282,63.0,0.6169398105415689
2_24789433_24790881_-,599,27.0,0.9097643676447165
2_24789433_24790881_-,1094,45.0,0.08450829030923838
12_53471337_53472107_+,625,9.0,0.9996576460698514
10_71815997_71817740_-,1175,36.0,0.3930784477695871
10_71815997_71817740_-,1436,9.0,0.601644227403744
13_75529408_75530705_-,643,9.0,0.9998097792824548
6_34244530_34246531_+,1668,36.0,0.9943746300144364
16_18787762_18789418_-,506,9.0,0.9788648440144954
12_120439670_120441042_+,1078,9.0,0.9999929901449949
17_74209017_74210955_+,428,9.0,0.9483078143547035
16_75575307_75578181_+,2558,27.0,0.9803332126736171
14_74478922_74481075_-,1101,36.0,0.9835974490425592
19_38632129_38633200_+,563,9.0,0.3909889265847882
19_38632129_38633200_+,734,9.0,0.5949361454453107
22_21621214_21624334_+,656,36.0,0.6784766063579438
22_21621214_21624334_+,1691,45.0,0.19292314542110298
22_21621214_21624334_+,2240,27.0,0.05458474510357833
22_21621214_21624334_+,2780,54.0,0.07155177662807742
14_49584997_49586147_-,249,9.0,0.9996636640186382
17_28723128_28723792_+,660,18.0,0.9992150307308607
6_121447696_121450027_+,2012,45.0,0.9737637935132417
6_35470207_35470879_+,306,9.0,0.7306606307112447
6_35470207_35470879_+,630,9.0,0.26932354144086357
22_37023891_37030122_+,5895,45.0,0.9915744220498875
8_124546942_124547738_+,345,9.0,0.9996591055091452
12_10698788_10699954_-,565,54.0,0.05898082040614534
12_10698788_10699954_-,826,54.0,0.9407667453796082
17_7930044_7931876_-,1460,45.0,0.9889285102107473
3_10125995_10127490_+,906,45.0,0.8297737710806465
3_10125995_10127490_+,1185,18.0,0.16671834808437114
19_34226131_34229815_+,1972,18.0,0.5390843180868281
19_34226131_34229815_+,3124,36.0,0.40336494257085537
6_33693992_33698957_-,1403,9.0,0.9489883386395548
6_75240000_75241565_-,469,9.0,0.4009815596575908
6_75240000_75241565_-,1360,9.0,0.5986595512717018
11_5268044_5268768_-,391,9.0,0.2701135819611838
11_5268044_5268768_-,526,9.0,0.7298840255332829
12_53039842_53042509_+,547,9.0,0.08731714748629311
12_53039842_53042509_+,2347,27.0,0.8610413398547736
5_178210323_178211463_+,809,45.0,0.9840381495122821
11_63757855_63760191_+,1190,45.0,0.43362575065282083
11_63757855_63760191_+,2009,36.0,0.5476484227505184
14_69767837_69772305_+,1190,63.0,0.10734374925656126
14_69767837_69772305_+,2738,45.0,0.08288467146324045
14_69767837_69772305_+,3818,36.0,0.2910977343606981
14_69767837_69772305_+,4151,36.0,0.42577557180738246
14_104755329_104759959_+,670,9.0,0.05730233267033917
14_104755329_104759959_+,1597,9.0,0.5866643836060631
14_104755329_104759959_+,4351,9.0,0.35478554755127545
15_68778234_68780773_-,869,27.0,0.32850735470727443
15_68778234_68780773_-,1850,36.0,0.5006508970668193
15_68778234_68780773_-,2219,18.0,0.11272965976823991
6_159778197_159781410_-,2439,18.0,0.9116177824303799
6_159778197_159781410_-,2880,54.0,0.06255604656433665
2_197500773_197501851_+,658,9.0,0.9751570456019322
13_49660422_49662202_-,1446,36.0,0.9979041419732528
16_88858318_88862986_+,661,9.0,0.07532837462082208
16_88858318_88862986_+,1615,9.0,0.261247049328789
16_88858318_88862986_+,1840,9.0,0.3501185439514795
16_88858318_88862986_+,2848,9.0,0.23620904281703703
16_88858318_88862986_+,4360,27.0,0.07468847940499944
22_26667857_26676775_+,2717,36.0,0.7046750057727047
22_26667857_26676775_+,8558,63.0,0.20898090357415405
5_138467781_138469615_+,1501,45.0,0.978173604635698
5_72204939_72209870_+,2056,45.0,0.14547314568658687
5_72204939_72209870_+,4594,54.0,0.8001978779601804
3_23917549_23924674_+,1221,9.0,0.06866550672815118
3_23917549_23924674_+,1986,36.0,0.7100816803462464
3_23917549_23924674_+,2247,9.0,0.09491653465769018
3_23917549_23924674_+,3264,45.0,0.1229791958739072
19_1439718_1440794_+,661,9.0,0.9563221517121367
17_41523316_41525299_-,1649,36.0,0.9918007558680129
22_37888125_37889707_+,554,9.0,0.9723265576702047
6_3223960_3226111_-,1605,9.0,0.7570777093702413
6_3223960_3226111_-,1830,9.0,0.24208577776897633
7_113116417_113118461_-,1527,9.0,0.05858497871673627
7_113116417_113118461_-,1725,27.0,0.889720684085021
15_34227392_34230456_+,2741,36.0,0.9552654955017298
17_40817816_40818775_-,638,27.0,0.999907137018281
6_5102292_5109791_-,700,45.0,0.8042787827981251
6_5102292_5109791_-,1348,45.0,0.17756925332281273
8_100916224_100921052_-,1329,45.0,0.2702444287725668
8_100916224_100921052_-,2355,63.0,0.7081307318021368
17_16342233_16343241_-,680,45.0,0.9998837539024796
6_144094580_144095536_-,628,45.0,0.9980998442972644
2_42349037_42351659_-,1131,27.0,0.9803476058362671
9_33280508_33282369_+,644,27.0,0.24988149816361893
9_33280508_33282369_+,995,27.0,0.7368579811009334
6_41653018_41654546_+,1187,54.0,0.9940654346100377
2_27216543_27217478_+,274,9.0,0.149649562241798
2_27216543_27217478_+,616,9.0,0.8500915532874731
19_1241467_1245126_+,1317,9.0,0.16424690167788303
19_1241467_1245126_+,2901,9.0,0.3275672868818487
19_1241467_1245126_+,3117,27.0,0.24653259087221632
19_1241467_1245126_+,3333,27.0,0.24482921760875934
17_1343971_1345799_-,1210,63.0,0.9946686763500324
22_37875847_37895863_+,2491,9.0,0.33369560537538956
22_37875847_37895863_+,11185,9.0,0.45166630563048377
22_37875847_37895863_+,12841,9.0,0.20399821682214198
22_23833271_23838308_+,617,9.0,0.10799662458962551
22_23833271_23838308_+,1202,27.0,0.8916143252712505
11_8685138_8685869_+,778,9.0,0.9999264280235878
5_112161184_112161917_+,290,9.0,0.5789964547583397
5_112161184_112161917_+,776,9.0,0.420942188238641
19_54435790_54437200_+,906,36.0,0.9397924536580805
4_88520684_88522187_-,1174,18.0,0.9891889442427936
8_143021122_143022712_+,1252,36.0,0.9903994546210665
11_61799324_61803759_-,1832,27.0,0.5365298402669452
11_61799324_61803759_-,3506,45.0,0.13364882368861933
11_61799324_61803759_-,4100,36.0,0.2811846668147257
17_28722281_28722953_+,734,9.0,0.9999987342642773
12_52896886_52900983_-,3748,45.0,0.9919394680474051
8_99877565_99879094_-,988,9.0,0.9874935753694041
19_32585522_32587752_+,572,9.0,0.403945288767156
19_32585522_32587752_+,1589,9.0,0.4339334176580372
19_32585522_32587752_+,1940,18.0,0.16103479352434252
19_39834157_39835113_-,509,9.0,0.6755658014005864
19_39834157_39835113_-,698,9.0,0.3244048233423329
7_151465711_151467511_-,780,36.0,0.9685571154297845
22_37805829_37807736_+,1564,27.0,0.9734767373221378
7_101223372_101224490_+,649,9.0,0.4383509640702948
7_101223372_101224490_+,838,9.0,0.5426351340668945
18_3277637_3278584_+,556,63.0,0.9999575563753111
19_1596871_1599739_-,1705,9.0,0.8598490275972845
19_1596871_1599739_-,2524,54.0,0.07457885129939905
3_48443547_48444508_+,625,36.0,0.9994328454416487
19_49859685_49861044_+,645,9.0,0.7430576536839762
19_49859685_49861044_+,825,9.0,0.18662318772974903
19_49859685_49861044_+,1086,18.0,0.07008933620651467
15_78343221_78343912_+,579,9.0,0.9999978293822677
14_20311067_20312052_-,653,27.0,0.9998260383609217
12_92139977_92144747_-,772,36.0,0.38025626509632615
12_92139977_92144747_-,1600,36.0,0.6129045817531146
2_9583671_9585645_-,1036,54.0,0.09032443279298434
2_9583671_9585645_-,1369,27.0,0.4391469530467402
2_9583671_9585645_-,1657,18.0,0.4661568113549289
17_42794846_42798360_-,420,18.0,0.08478462735172576
17_42794846_42798360_-,690,54.0,0.9118367013242048
4_99947785_99950040_-,1926,36.0,0.9961171288386473
10_97432054_97433741_+,1039,36.0,0.057564295830650765
10_97432054_97433741_+,1372,27.0,0.9363526052104747
3_197950431_197951965_+,1048,9.0,0.9637526760951065
X_48893146_48897158_-,3687,36.0,0.9817431079788477
12_6491585_6492767_-,591,27.0,0.9840251501269557
17_27311909_27316226_+,970,63.0,0.606615657368575
17_27311909_27316226_+,1474,36.0,0.1115812473250573
17_27311909_27316226_+,1699,36.0,0.2720864207798144
7_100677197_100679474_+,1948,54.0,0.9702928771558244
9_83967782_83970631_-,1708,27.0,0.6259235058182717
9_83967782_83970631_-,2401,63.0,0.368865186583231
11_17075478_17076168_-,769,9.0,0.9999981423489324
5_154474671_154476105_-,1112,27.0,0.9918670684821903
22_42617539_42620245_-,1388,45.0,0.9905890032471331
2_5693747_5701685_+,1657,54.0,0.42748892961031265
2_5693747_5701685_+,1873,9.0,0.1831974407595176
2_5693747_5701685_+,6616,54.0,0.11518221951390104
2_5693747_5701685_+,7615,45.0,0.19615367285557847
5_173607213_173609970_-,2410,36.0,0.9874286830927955
5_141318187_141320538_-,842,63.0,0.20958425684629262
5_141318187_141320538_-,2021,27.0,0.762019246306115
4_143995803_143997934_-,492,9.0,0.19698571049096225
4_143995803_143997934_-,1833,9.0,0.8026556133699121
