alpha,beta,utr,w,ws
719.0,9.0,11_17074353_17075044_-,,0.9500150557602971
1632.0,36.0,13_44431842_44435183_-,,0.9742932208326164
549.0,27.0,3_170864574_170866824_-,,0.9661215476981887
298.0,9.0,2_97647043_97648683_+,,0.2227606415382563
577.0,9.0,2_97647043_97648683_+,,0.5105275978127245
1198.0,18.0,2_97647043_97648683_+,,0.24688233752041056
2609.0,45.0,14_23322698_23326485_+,,0.38840611022380905
3455.0,27.0,14_23322698_23326485_+,,0.5818942665456257
251.0,9.0,17_41689910_41692968_+,,0.053628458653051735
449.0,9.0,17_41689910_41692968_+,,0.3292536829866961
1124.0,18.0,17_41689910_41692968_+,,0.22242298977894964
1700.0,36.0,17_41689910_41692968_+,,0.3795333448308814
1388.0,27.0,6_33693992_33698957_-,,0.9367169737577973
1782.0,45.0,19_1256972_1259440_+,,0.42745598964547743
2115.0,54.0,19_1256972_1259440_+,,0.5523521013291438
680.0,72.0,7_6460780_6463475_-,,0.5527837880746481
1706.0,27.0,7_6460780_6463475_-,,0.2147012809130847
2354.0,45.0,7_6460780_6463475_-,,0.22451966250906472
561.0,9.0,12_49761403_49765234_+,,0.08047657896250238
3243.0,9.0,12_49761403_49765234_+,,0.3678800630966699
3450.0,72.0,12_49761403_49765234_+,,0.5034681948517241
1096.0,45.0,X_135032425_135033846_+,,0.9807711880973702
472.0,36.0,3_12834184_12836523_-,,0.9828658341582054
566.0,18.0,2_84906123_84906975_+,,0.9890631358132927
505.0,18.0,15_63147949_63156031_-,,0.13293225470064843
2161.0,27.0,15_63147949_63156031_-,,0.8279459573125169
813.0,54.0,3_141744858_141747860_+,,0.9275852302536356
1148.0,54.0,3_49358844_49360682_-,,0.3250203356860671
1508.0,36.0,3_49358844_49360682_-,,0.6628083910785392
709.0,45.0,17_41824880_41825957_-,,0.9944605443013333
1109.0,36.0,12_54131689_54133143_+,,0.984071665025283
1250.0,27.0,21_46002819_46005350_+,,0.05916106848777147
2204.0,45.0,21_46002819_46005350_+,,0.9295713098004026
647.0,27.0,6_34773145_34774094_+,,0.9800192444685829
1042.0,27.0,12_76858414_76859787_-,,0.965634140855484
300.0,27.0,7_76302973_76304595_+,,0.06727150169174832
1083.0,9.0,7_76302973_76304595_+,,0.3069324413941277
1317.0,18.0,7_76302973_76304595_+,,0.6194677199190796
628.0,9.0,16_1960852_1962275_+,,0.1906677175270439
970.0,54.0,16_1960852_1962275_+,,0.6703732950227844
1186.0,9.0,16_1960852_1962275_+,,0.1341960218287676
988.0,36.0,5_135027434_135029621_-,,0.6389003243173318
1834.0,45.0,5_135027434_135029621_-,,0.35140923839844973
498.0,54.0,6_99397750_99403010_-,,0.1901401017976239
1551.0,27.0,6_99397750_99403010_-,,0.2028757850329724
2082.0,63.0,6_99397750_99403010_-,,0.24332149673024842
3027.0,27.0,6_99397750_99403010_-,,0.2376769486819286
4296.0,72.0,6_99397750_99403010_-,,0.10222281382565895
6989.0,45.0,11_125577203_125584987_+,,0.7576410108024311
7457.0,36.0,11_125577203_125584987_+,,0.2386297056056128
1382.0,45.0,22_42617539_42620245_-,,0.9851244670269977
1206.0,45.0,5_139626455_139628733_+,,0.8726817556602225
1917.0,72.0,5_139626455_139628733_+,,0.0692120259005467
742.0,45.0,18_9953752_9960321_+,,0.07921435986869835
1048.0,36.0,18_9953752_9960321_+,,0.8081664973601349
2965.0,45.0,18_9953752_9960321_+,,0.08104373853934385
1128.0,36.0,19_44908232_44909693_+,,0.9937057217989322
455.0,27.0,11_839420_840671_-,,0.9304774510751943
878.0,45.0,11_839420_840671_-,,0.05790342634973693
376.0,9.0,2_206161927_206162659_+,,0.29640307871167954
826.0,9.0,2_206161927_206162659_+,,0.7013890538098455
2739.0,45.0,5_177593349_177596424_+,,0.9843205718892356
622.0,36.0,17_49403748_49405504_-,,0.8744591811023052
1423.0,27.0,17_49403748_49405504_-,,0.12155395221618445
1614.0,45.0,16_57251967_57253935_+,,0.9366460273482693
565.0,27.0,6_170534816_170535705_-,,0.9918134440486991
678.0,36.0,10_75230597_75231748_+,,0.8294248792901755
849.0,18.0,10_75230597_75231748_+,,0.1667502613512736
1699.0,36.0,22_39528792_39530825_-,,0.9840082171541614
1405.0,36.0,6_32179350_32181093_+,,0.9850435055268737
783.0,27.0,7_151465711_151467511_-,,0.9579382534030101
541.0,36.0,17_81706940_81707826_+,,0.9870186473921579
665.0,27.0,11_14504856_14505548_-,,0.9901922393001457
588.0,9.0,12_55718810_55719523_+,,0.989970645736832
2017.0,36.0,5_111728511_111731346_-,,0.9360507506576817
475.0,72.0,9_35681691_35685639_-,,0.04557936070770052
997.0,72.0,9_35681691_35685639_-,,0.028589167273324265
1420.0,72.0,9_35681691_35685639_-,,0.3885148827045081
3652.0,36.0,9_35681691_35685639_-,,0.4925505775988199
539.0,45.0,7_128865278_128866144_+,,0.9880497614848559
277.0,27.0,6_26103959_26104610_+,,0.9976376831478906
745.0,72.0,8_98041418_98045699_-,,0.1135279716648313
3121.0,9.0,8_98041418_98045699_-,,0.4982836739712076
4012.0,9.0,8_98041418_98045699_-,,0.37495111301770867
410.0,9.0,19_8321355_8323640_+,,0.08837653058244252
437.0,54.0,19_8321355_8323640_+,,0.6111293462323841
878.0,9.0,19_8321355_8323640_+,,0.2698815109484265
1861.0,72.0,6_18223567_18226446_-,,0.08909098646093762
2239.0,36.0,6_18223567_18226446_-,,0.8574740123678424
449.0,45.0,13_28677802_28679225_+,,0.07514175313788862
584.0,72.0,13_28677802_28679225_+,,0.7922784626638333
1070.0,45.0,13_28677802_28679225_+,,0.10954958055119264
287.0,9.0,7_100153429_100154512_+,,0.07807005398186079
764.0,9.0,7_100153429_100154512_+,,0.9120560979191257
481.0,63.0,19_29205020_29207847_-,,0.9935129958137613
602.0,9.0,15_43792674_43796389_+,,0.11508156909590254
1358.0,18.0,15_43792674_43796389_+,,0.8747221015805656
2581.0,36.0,12_53295538_53299750_+,,0.20689917777232666
2779.0,9.0,12_53295538_53299750_+,,0.5509280793754099
3994.0,9.0,12_53295538_53299750_+,,0.14191608385970705
1792.0,36.0,21_17565127_17570400_+,,0.7235637872852307
4951.0,36.0,21_17565127_17570400_+,,0.2537251215117536
1072.0,54.0,9_107329356_107332494_+,,0.4495540709699095
1540.0,72.0,9_107329356_107332494_+,,0.42932659952934227
2818.0,36.0,9_107329356_107332494_+,,0.07136750765692915
529.0,54.0,4_153780291_153781750_-,,0.29289058224107606
1132.0,45.0,4_153780291_153781750_-,,0.6924159027897278
3628.0,36.0,8_144423300_144427279_-,,0.9598379917012038
805.0,45.0,14_100143400_100144536_+,,0.9856222298332624
449.0,9.0,5_86619169_86621262_+,,0.8951843408435981
1736.0,72.0,5_86619169_86621262_+,,0.08180844294902234
448.0,27.0,X_154477468_154478243_-,,0.9903970400343378
332.0,45.0,17_64145929_64146776_+,,0.9899542877156585
746.0,54.0,18_3255445_3256536_+,,0.994893991401833
1529.0,72.0,5_72193565_72195740_+,,0.075264678430018
1844.0,72.0,5_72193565_72195740_+,,0.9171043187520426
547.0,27.0,19_49499211_49499989_+,,0.9353593822309605
1449.0,72.0,X_1385851_1387719_-,,0.9914162502564341
526.0,36.0,10_75397529_75399048_-,,0.2801965841493285
913.0,72.0,10_75397529_75399048_-,,0.46456199781741414
1174.0,36.0,10_75397529_75399048_-,,0.248879635562442
2691.0,45.0,11_2394671_2397719_+,,0.9910501670662998
5533.0,72.0,7_94663033_94669995_+,,0.09210564390521443
6631.0,36.0,7_94663033_94669995_+,,0.83958991296667
5633.0,45.0,15_44712476_44719177_+,,0.9424483151884598
448.0,9.0,2_197486280_197488336_-,,0.006922134290886447
1699.0,72.0,2_197486280_197488336_-,,0.9780745648597374
1617.0,9.0,16_1961751_1964040_-,,0.1862874549244948
1977.0,18.0,16_1961751_1964040_-,,0.8011235379008859
659.0,9.0,2_197500773_197501851_+,,0.9715707411362593
4383.0,72.0,19_10114716_10120000_-,,0.22480597038295658
4581.0,9.0,19_10114716_10120000_-,,0.5624405927548997
5058.0,36.0,19_10114716_10120000_-,,0.1836227650039477
786.0,45.0,14_69379822_69380940_-,,0.9873180354629832
836.0,36.0,12_15902616_15903778_+,,0.991423812368635
2149.0,27.0,16_51645030_51647432_+,,0.9670104410334577
502.0,18.0,20_62136434_62137249_-,,0.9781558475755937
2384.0,36.0,13_27621036_27623752_+,,0.9623766708738641
667.0,45.0,2_10783090_10784557_-,,0.6112733779479258
1144.0,36.0,2_10783090_10784557_-,,0.3810144800404659
444.0,36.0,6_30724097_30725726_+,,0.6491872734251246
1290.0,45.0,6_30724097_30725726_+,,0.34426406005984955
1243.0,36.0,11_61963984_61965838_-,,0.9719430662666017
2530.0,27.0,12_120196385_120199785_-,,0.15177546294027044
3070.0,18.0,12_120196385_120199785_-,,0.8293756730447922
1043.0,45.0,22_41459416_41460787_-,,0.9727908848260813
1975.0,18.0,19_34226131_34229815_+,,0.5343526510367492
3127.0,36.0,19_34226131_34229815_+,,0.39961859767533287
2782.0,27.0,X_153928941_153932731_-,,0.956720474244842
357.0,9.0,19_36125367_36126247_+,,0.31668070706887175
591.0,9.0,19_36125367_36126247_+,,0.6802469689941261
647.0,45.0,20_3047569_3048554_+,,0.9973174454344431
1375.0,27.0,20_1368677_1370372_-,,0.9650549299676833
625.0,45.0,2_70088514_70089503_+,,0.9916373163902596
466.0,9.0,9_127447373_127448289_-,,0.8419693881567579
664.0,54.0,9_127447373_127448289_-,,0.1508742752678839
1671.0,45.0,5_179728290_179731225_+,,0.06573599084431368
2238.0,72.0,5_179728290_179731225_+,,0.24612794901543927
2571.0,72.0,5_179728290_179731225_+,,0.6273533202139472
276.0,9.0,11_75404120_75404866_+,,0.36145944398064983
816.0,9.0,11_75404120_75404866_+,,0.637460303199738
1497.0,9.0,8_143579396_143581454_-,,0.6866026219732309
1785.0,45.0,8_143579396_143581454_-,,0.27537146860922335
1886.0,9.0,2_55232507_55236153_+,,0.12532853430321633
2606.0,45.0,2_55232507_55236153_+,,0.6538019050713092
3155.0,27.0,2_55232507_55236153_+,,0.1731547798313012
442.0,27.0,16_18791366_18793670_-,,0.1119928735029493
1972.0,45.0,16_18791366_18793670_-,,0.8745420229826892
766.0,27.0,6_31797095_31798182_-,,0.988283390231316
1280.0,45.0,5_69364442_69366054_-,,0.9881811779961436
927.0,45.0,3_141925230_141926814_+,,0.923698601673714
1278.0,36.0,3_141925230_141926814_+,,0.07390427062992716
773.0,36.0,5_173034098_173035745_+,,0.9897504197520522
564.0,9.0,20_49280184_49280871_+,,0.9990299038386937
422.0,27.0,3_187668605_187669364_-,,0.9976796747337571
2329.0,36.0,2_96184558_96187214_-,,0.9811831913007257
460.0,36.0,17_3669179_3669968_+,,0.9907575689793077
961.0,9.0,9_124857579_124858837_-,,0.9820778344859515
2014.0,36.0,5_43289094_43291430_-,,0.906029795232665
639.0,9.0,12_56117181_56118243_+,,0.9562980981158183
790.0,18.0,14_49893964_49897354_+,,0.6839289564063106
3076.0,27.0,14_49893964_49897354_+,,0.28439437914614135
911.0,36.0,2_181062490_181063741_+,,0.9905839751327233
1195.0,9.0,8_73289966_73292210_-,,0.8375151504631038
1618.0,45.0,8_73289966_73292210_-,,0.10172558378038862
2315.0,45.0,15_63069569_63072215_+,,0.989859882482927
524.0,9.0,X_119786203_119787032_-,,0.9883537111567524
773.0,9.0,11_66284279_66286058_-,,0.06137836137981238
1286.0,9.0,11_66284279_66286058_-,,0.22968128981768776
1466.0,18.0,11_66284279_66286058_-,,0.704277856345469
2753.0,36.0,7_5526846_5529963_-,,0.9747899705116253
442.0,45.0,7_26209657_26213656_+,,0.062097908702521715
1396.0,9.0,7_26209657_26213656_+,,0.08877711024281729
2827.0,45.0,7_26209657_26213656_+,,0.1648661338326075
3673.0,63.0,7_26209657_26213656_+,,0.6593434833137759
790.0,9.0,11_8685138_8685869_+,,0.911457642645665
1528.0,72.0,7_74758479_74760992_+,,0.21739045649193342
2185.0,36.0,7_74758479_74760992_+,,0.7627532145896267
845.0,63.0,5_141318187_141320538_-,,0.20546757936668228
2024.0,27.0,5_141318187_141320538_-,,0.7536487199984205
420.0,9.0,4_108621804_108623632_+,,0.018677352556956975
555.0,18.0,4_108621804_108623632_+,,0.5793721932359004
969.0,9.0,4_108621804_108623632_+,,0.40087583326641874
1869.0,9.0,5_177304297_177307259_+,,0.1129112933705909
2058.0,9.0,5_177304297_177307259_+,,0.30454176944739214
2391.0,18.0,5_177304297_177307259_+,,0.2826844210354756
2643.0,27.0,5_177304297_177307259_+,,0.2873300561660362
1893.0,36.0,15_55180505_55183700_-,,0.15017968462718315
2361.0,45.0,15_55180505_55183700_-,,0.8282327796003445
530.0,27.0,9_124353165_124354009_-,,0.9908249942605939
900.0,45.0,3_10125995_10127490_+,,0.8194277827129008
1179.0,27.0,3_10125995_10127490_+,,0.17000763865451998
592.0,9.0,11_5268044_5268768_-,,3.9833675997884587e-53
1339.0,72.0,11_5268044_5268768_-,,6.2875415647158325e-77
3276.0,36.0,14_75278936_75282530_+,,0.9080684258983618
563.0,27.0,19_12952388_12953942_+,,0.12048782936143267
716.0,54.0,19_12952388_12953942_+,,0.2100562555889698
1391.0,9.0,19_12952388_12953942_+,,4.991207596869658e-19
1681.0,36.0,15_90082744_90085687_-,,0.9430838218966592
639.0,9.0,19_49859685_49861044_+,,0.630275007441598
774.0,72.0,19_49859685_49861044_+,,0.3047297691608477
1107.0,36.0,19_49859685_49861044_+,,0.05385028829062025
566.0,45.0,16_54918562_54919509_-,,0.9862503456755295
576.0,27.0,5_134750463_134752460_+,,0.0739946844432193
891.0,54.0,5_134750463_134752460_+,,0.8978498151488843
1780.0,9.0,19_2270356_2273790_+,,0.051126474816796955
2653.0,9.0,19_2270356_2273790_+,,0.16601333431201187
3004.0,72.0,19_2270356_2273790_+,,0.7754730271848032
558.0,27.0,4_119296118_119299078_-,,0.7111725011244806
2007.0,27.0,4_119296118_119299078_-,,0.23444737864027537
1834.0,72.0,2_26190334_26192724_-,,0.9912864983891199
3278.0,9.0,16_85802756_85807344_+,,0.434848908070288
4259.0,9.0,16_85802756_85807344_+,,0.5161763183810306
513.0,18.0,7_22812327_22813485_-,,0.985814963914384
1343.0,36.0,20_5099539_5101231_-,,0.9712234851710357
589.0,36.0,7_40125722_40133358_-,,0.9493505260721378
1177.0,45.0,19_2232848_2234361_-,,0.9880834982768582
3087.0,27.0,8_101196751_101202043_-,,0.8447231914846973
4959.0,45.0,8_101196751_101202043_-,,0.08790432924614691
1115.0,27.0,5_154474671_154476105_-,,0.9857430041840779
1601.0,9.0,2_73956824_73959261_+,,0.5216797491842672
2150.0,9.0,2_73956824_73959261_+,,0.4262825175058703
571.0,27.0,9_7796189_7798937_-,,0.9288015658166182
637.0,9.0,17_48894855_48896171_+,,0.761120303265387
1042.0,18.0,17_48894855_48896171_+,,0.23515999162194132
3175.0,9.0,7_44114380_44118364_-,,0.06747250551965447
3661.0,18.0,7_44114380_44118364_-,,0.9035120185240956
525.0,9.0,11_65716944_65720717_-,,0.03879429031055639
714.0,45.0,11_65716944_65720717_-,,0.5203559368329509
1074.0,36.0,11_65716944_65720717_-,,0.32025063688802075
3009.0,36.0,11_65716944_65720717_-,,0.11114539476047726
452.0,9.0,19_48966435_48967178_+,,0.9930587180134471
2622.0,27.0,19_5894374_5897297_-,,0.9844966558761501
1249.0,18.0,15_65326826_65329897_-,,0.3514376404891719
1528.0,63.0,15_65326826_65329897_-,,0.39208067402258734
2716.0,72.0,15_65326826_65329897_-,,0.24187709312061198
1090.0,36.0,8_30062711_30064213_-,,0.9850444104988584
679.0,36.0,16_8852641_8855626_-,,0.8490576991886732
2650.0,36.0,16_8852641_8855626_-,,0.13770076278479612
592.0,18.0,X_56817019_56818680_+,,0.8848091533822701
1321.0,72.0,X_56817019_56818680_+,,0.07327508459747627
799.0,45.0,4_48860424_48862117_+,,0.9569174000952071
866.0,9.0,8_56072646_56074459_-,,0.11429161077520128
1397.0,27.0,8_56072646_56074459_-,,0.8569091548477522
711.0,36.0,19_12667770_12668815_-,,0.9856911355705961
525.0,18.0,3_139517133_139517980_-,,0.9935168834142968
736.0,9.0,20_49280018_49280709_+,,0.9987249910975952
488.0,9.0,11_61788662_61790902_-,,0.4014194111853047
1190.0,9.0,11_61788662_61790902_-,,0.38471239048462763
1856.0,54.0,11_61788662_61790902_-,,0.20803000330221472
1675.0,45.0,17_78222527_78225936_+,,0.1359849968246349
2143.0,45.0,17_78222527_78225936_+,,0.6751695260829398
2836.0,72.0,17_78222527_78225936_+,,0.16408148692905725
1127.0,72.0,4_102794082_102797760_-,,0.37629149747971746
1730.0,72.0,4_102794082_102797760_-,,0.5456101369820696
573.0,9.0,15_78343221_78343912_+,,0.9988877900568027
629.0,45.0,7_134932687_134933690_+,,0.826613397057485
926.0,63.0,7_134932687_134933690_+,,0.1682192971759022
489.0,9.0,11_65121479_65122121_-,,0.20312528099849567
705.0,9.0,11_65121479_65122121_-,,0.7961298623904745
6597.0,72.0,3_49095631_49104771_-,,0.05494207993252258
6840.0,9.0,3_49095631_49104771_-,,0.4575620634540859
8856.0,18.0,3_49095631_49104771_-,,0.4639731753981641
1033.0,54.0,2_215360139_215361926_-,,0.9700959058496628
750.0,63.0,X_2740478_2741609_+,,0.9953246531778546
313.0,9.0,19_41956578_41957234_-,,0.09928897985296822
529.0,27.0,19_41956578_41957234_-,,0.8943740888583658
545.0,27.0,5_176389197_176390071_+,,0.9937498123589826
593.0,9.0,12_55718810_55720387_+,,0.7175680867222007
935.0,18.0,12_55718810_55720387_+,,0.27112321531791833
461.0,36.0,6_139371506_139373431_-,,0.10057808482834063
1172.0,45.0,6_139371506_139373431_-,,0.8623029620101358
1622.0,36.0,6_139371506_139373431_-,,0.014751042511515827
532.0,27.0,12_53039842_53042509_+,,0.08659470939906748
2341.0,36.0,12_53039842_53042509_+,,0.8581175183342294
831.0,36.0,5_314116_315274_+,,0.996600032417172
484.0,45.0,4_108624827_108625854_+,,0.9223631614735558
575.0,9.0,19_38632129_38633200_+,,0.3791167255084687
728.0,9.0,19_38632129_38633200_+,,0.6051399489501836
682.0,9.0,9_127448200_127448930_-,,0.99914320187603
656.0,36.0,22_41673629_41675495_-,,0.6871378929232675
1529.0,27.0,22_41673629_41675495_-,,0.30391589791025225
1719.0,36.0,6_38675624_38677683_-,,0.91839972512859
556.0,27.0,21_31668170_31669231_+,,0.2860901215699759
700.0,72.0,21_31668170_31669231_+,,0.7052803320615171
293.0,9.0,5_112161184_112161917_+,,0.5787442525217233
770.0,9.0,5_112161184_112161917_+,,0.42072912069089063
1393.0,27.0,12_94971031_94972746_-,,0.991564123434505
766.0,72.0,12_57529801_57531075_-,,0.9931019423054054
1664.0,36.0,7_43638498_43640949_-,,0.794872655666559
2312.0,45.0,7_43638498_43640949_-,,0.19054545143688806
963.0,27.0,X_103216216_103217546_+,,0.975109715564326
613.0,18.0,20_17606736_17610219_+,,0.12162137577398645
1216.0,9.0,20_17606736_17610219_+,,0.409357947037158
1459.0,72.0,20_17606736_17610219_+,,0.45601072051867336
813.0,36.0,17_82034835_82036943_-,,0.3064604463254888
1065.0,36.0,17_82034835_82036943_-,,0.6706473754138909
360.0,27.0,12_124911303_124912013_-,,0.9898314754768477
4174.0,72.0,16_30080958_30085677_+,,0.08703431946592782
4408.0,18.0,16_30080958_30085677_+,,0.8899999924417924
1653.0,72.0,5_149494013_149499593_-,,0.06166619919630686
3579.0,72.0,5_149494013_149499593_-,,0.4523125739799759
4461.0,72.0,5_149494013_149499593_-,,0.05742211065103901
5244.0,72.0,5_149494013_149499593_-,,0.3476063494932743
669.0,72.0,2_218253590_218254656_+,,0.986902718386811
907.0,36.0,19_18305929_18307855_-,,0.9876590849824853
1558.0,27.0,22_37805829_37807736_+,,0.9651996112041533
1147.0,36.0,11_74976556_74979331_+,,0.9088026777728742
799.0,45.0,8_42405070_42406197_+,,0.991062959356538
3028.0,9.0,11_75401339_75407213_+,,0.36819733469011445
3613.0,9.0,11_75401339_75407213_+,,0.614209972512738
2894.0,54.0,7_56060506_56064289_+,,0.7164159572374844
3452.0,36.0,7_56060506_56064289_+,,0.23615456208663674
684.0,36.0,19_13777751_13778762_+,,0.9899504106870891
575.0,9.0,16_21982787_21983960_+,,0.7538614222023019
836.0,36.0,16_21982787_21983960_+,,0.24298240501357887
523.0,45.0,2_70281061_70281984_-,,0.9876871308996856
590.0,9.0,9_136850454_136851327_+,,0.9687434963428724
1168.0,27.0,4_88520684_88522187_-,,0.9843175399715913
637.0,9.0,10_28680957_28683239_+,,0.0008698456999853491
1780.0,72.0,10_28680957_28683239_+,,0.9778539169512632
521.0,9.0,3_101680790_101683207_-,,0.23845368666904543
872.0,9.0,3_101680790_101683207_-,,0.33847742342999126
2195.0,63.0,3_101680790_101683207_-,,0.4174396690393284
443.0,18.0,13_46770955_46771715_-,,0.9908655871639259
577.0,9.0,22_29769377_29770713_+,,0.9027392443005321
991.0,36.0,22_29769377_29770713_+,,0.09258562900846704
666.0,72.0,17_42794846_42798360_-,,0.9830720427777626
1269.0,9.0,17_42794846_42798360_-,,0.002433498066292822
3995.0,45.0,19_1086278_1092207_-,,0.939750016549234
6816.0,36.0,3_184177242_184184391_+,,0.9876452918550268
598.0,9.0,10_72232700_72236160_+,,0.19180626836986298
1084.0,54.0,10_72232700_72236160_+,,0.7808986994125
633.0,54.0,19_4090020_4091008_-,,0.9916843036823249
1648.0,36.0,3_52706492_52711446_+,,0.9440903558346061
522.0,18.0,11_63976020_63976843_+,,0.9886674423806512
1627.0,45.0,7_5604971_5606955_+,,0.9730744303503882
697.0,9.0,3_12840011_12840750_-,,0.9991411661037007
510.0,45.0,X_103062350_103063196_-,,0.9898246074222813
1599.0,27.0,6_3223960_3226111_-,,0.7361608431367793
1815.0,27.0,6_3223960_3226111_-,,0.25526833281559214
504.0,9.0,15_82538005_82540432_-,,0.8017006308122093
1683.0,9.0,15_82538005_82540432_-,,0.08802819478626753
2241.0,9.0,15_82538005_82540432_-,,0.10901904292341708
1016.0,45.0,5_134194033_134198144_-,,0.6651795579800529
1205.0,72.0,5_134194033_134198144_-,,0.15675903749576822
1574.0,72.0,5_134194033_134198144_-,,0.11316990220385499
457.0,18.0,2_24067283_24068061_-,,0.9919349195245808
2097.0,36.0,16_81081637_81084894_-,,0.1365114363898101
2592.0,72.0,16_81081637_81084894_-,,0.8354893367712639
584.0,9.0,19_38380598_38384124_+,,0.06922069131872549
1799.0,9.0,19_38380598_38384124_+,,0.36255326548220396
2915.0,27.0,19_38380598_38384124_+,,0.2749481786290415
3194.0,27.0,19_38380598_38384124_+,,0.2669577448474992
1426.0,36.0,17_31851563_31853330_-,,0.992234869025253
329.0,9.0,17_74203617_74206583_+,,0.7370209590382952
527.0,63.0,17_74203617_74206583_+,,0.08976734093821274
770.0,18.0,17_74203617_74206583_+,,0.1717070161425018
620.0,9.0,11_118406636_118407793_+,,0.9975965571913504
506.0,54.0,6_43010842_43012769_-,,0.9917392733806123
440.0,18.0,18_49488199_49488818_-,,0.6997066583454307
2361.0,27.0,12_120496115_120498793_+,,0.9719386231683225
479.0,9.0,6_79200944_79202012_-,,0.07082872315277239
722.0,72.0,6_79200944_79202012_-,,0.9207787792764496
442.0,36.0,15_48878440_48880483_+,,0.21729555043544524
1342.0,63.0,15_48878440_48880483_+,,0.7551718694173591
637.0,9.0,12_6944175_6946303_+,,0.5872525955227063
1852.0,18.0,12_6944175_6946303_+,,0.40998442518642436
3292.0,45.0,17_28713980_28717619_-,,0.9856983034150619
395.0,9.0,X_47141915_47142616_-,,0.992280993311832
921.0,27.0,X_53430957_53432206_-,,0.9797033849290571
1131.0,36.0,19_12730339_12731800_-,,0.9934217122782387
2146.0,45.0,10_72273856_72276336_+,,0.9581439826229659
2861.0,36.0,7_45911944_45915245_-,,0.9799519423330599
1019.0,27.0,2_54971886_54973858_-,,0.283384984049149
1379.0,72.0,2_54971886_54973858_-,,0.06259477446166739
1649.0,27.0,2_54971886_54973858_-,,0.6443145341077537
516.0,36.0,7_88204817_88206804_-,,0.7806951690377767
1668.0,27.0,7_88204817_88206804_-,,0.18621695923125167
502.0,54.0,14_100734596_100738524_+,,0.9903491653199509
657.0,36.0,11_14504573_14505548_-,,0.9911103981359745
2713.0,72.0,16_397951_401059_+,,0.9756014058787665
655.0,9.0,6_110967209_110968190_+,,0.9952413168999784
484.0,9.0,13_48260924_48270657_+,,0.2296073503978539
979.0,72.0,13_48260924_48270657_+,,0.7562865115264235
9376.0,9.0,13_48260924_48270657_+,,0.0026286391665169334
665.0,9.0,10_78035210_78041016_+,,0.6480607551201849
2249.0,27.0,10_78035210_78041016_+,,0.31827172831814904
1328.0,72.0,19_49489675_49492608_+,,0.1823694587708666
1625.0,9.0,19_49489675_49492608_+,,0.2567789305862916
2012.0,9.0,19_49489675_49492608_+,,0.3841246644934762
2588.0,45.0,19_49489675_49492608_+,,0.15101653350987007
481.0,9.0,14_103911987_103915489_-,,0.252476660416462
3001.0,45.0,14_103911987_103915489_-,,0.3290811517077896
3163.0,54.0,14_103911987_103915489_-,,0.3790788972976812
1609.0,36.0,5_163443373_163446451_+,,0.9783664433522434
583.0,9.0,20_49278815_49279508_+,,0.7578767905812108
754.0,9.0,20_49278815_49279508_+,,0.24041163076428299
1633.0,9.0,19_18531450_18533647_-,,0.050985352223434435
1831.0,9.0,19_18531450_18533647_-,,0.9418810210241768
609.0,45.0,X_70165681_70166624_+,,0.9969813065750144
428.0,54.0,6_44113153_44114142_-,,0.9855728032013993
1294.0,72.0,7_128768794_128772107_+,,0.08369224122582983
1753.0,27.0,7_128768794_128772107_+,,0.47123811969002455
2662.0,63.0,7_128768794_128772107_+,,0.40066122218315137
616.0,9.0,11_32600388_32606562_+,,0.4546199141944978
1633.0,9.0,11_32600388_32606562_+,,0.3759591340461
2146.0,9.0,11_32600388_32606562_+,,0.1373345027231222
361.0,9.0,9_136861818_136863170_-,,0.15572913736161087
1036.0,9.0,9_136861818_136863170_-,,0.8372789115539695
565.0,9.0,17_39204224_39205027_+,,0.9700448315128717
346.0,27.0,19_47045606_47046286_-,,0.9933862570636899
1420.0,36.0,10_102422944_102424694_-,,0.9668544710828961
575.0,27.0,19_9828026_9830415_+,,0.2414997567479201
836.0,9.0,19_9828026_9830415_+,,0.5204570285693148
1052.0,9.0,19_9828026_9830415_+,,0.1294641146250541
2159.0,36.0,19_9828026_9830415_+,,0.08776730157517149
962.0,63.0,11_65120327_65122417_-,,0.14763296230593342
1538.0,9.0,11_65120327_65122417_-,,0.2092582542085258
1781.0,27.0,11_65120327_65122417_-,,0.638124003253758
1076.0,9.0,3_197953197_197954751_+,,0.9864616628362369
1231.0,36.0,16_1348939_1350494_-,,0.9728436145111629
569.0,9.0,X_153797157_153798805_+,,0.15153615711912405
839.0,9.0,X_153797157_153798805_+,,0.4606108008287558
1172.0,9.0,X_153797157_153798805_+,,0.25589505240705956
1424.0,9.0,X_153797157_153798805_+,,0.11625096464926202
1332.0,36.0,8_100916224_100921052_-,,0.2667823898426124
2358.0,72.0,8_100916224_100921052_-,,0.7034551708991387
1077.0,72.0,17_41817788_41823517_+,,0.25493996587753964
5397.0,45.0,17_41817788_41823517_+,,0.7250219054348576
1228.0,72.0,2_74213778_74217865_+,,0.19042818633061653
1489.0,27.0,2_74213778_74217865_+,,0.7161828969531093
1736.0,36.0,18_47152533_47157718_-,,0.07154770095768763
2654.0,36.0,18_47152533_47157718_-,,0.8975066688115171
2398.0,27.0,19_18566964_18569687_+,,0.9829402838840582
791.0,36.0,14_23025550_23026675_-,,0.9949507078611805
811.0,72.0,2_177218946_177224258_+,,0.5192932144081687
1549.0,72.0,2_177218946_177224258_+,,0.12048184803057306
2314.0,72.0,2_177218946_177224258_+,,0.1045629528706212
4897.0,72.0,2_177218946_177224258_+,,0.15472594352662275
484.0,27.0,12_4299709_4305650_+,,0.07212599333565041
5623.0,36.0,12_4299709_4305650_+,,0.8672688819644511
1288.0,36.0,9_136791950_136793557_+,,0.9778227629409934
448.0,9.0,6_31839363_31840066_+,,0.9737020905847508
3434.0,45.0,10_3775695_3782514_-,,0.7706348623266267
5531.0,45.0,10_3775695_3782514_-,,0.09227924867288825
5945.0,36.0,10_3775695_3782514_-,,0.11460172412632609
567.0,36.0,5_177331261_177332546_-,,0.3338548368044563
954.0,36.0,5_177331261_177332546_-,,0.6582462342872227
582.0,9.0,19_49497616_49498551_+,,0.99807394806912
571.0,54.0,8_79664516_79666475_+,,0.2204016498887363
1615.0,36.0,8_79664516_79666475_+,,0.7487344277445248
1169.0,36.0,12_56663040_56664798_-,,0.6773459005285306
1430.0,27.0,12_56663040_56664798_-,,0.3077384924719569
1175.0,27.0,11_57325684_57327189_-,,0.9757610115099147
575.0,9.0,19_32585522_32587752_+,,0.4040168080919239
1592.0,9.0,19_32585522_32587752_+,,0.43383946779032956
1943.0,36.0,19_32585522_32587752_+,,0.15542188948328683
530.0,63.0,10_84152048_84153545_+,,0.1723891985309291
1097.0,45.0,10_84152048_84153545_+,,0.820478551849626
3776.0,27.0,10_70202529_70206633_-,,0.9877822862707255
502.0,9.0,21_25724179_25725650_-,,0.3444491503610237
1150.0,36.0,21_25724179_25725650_-,,0.6471621673937884
748.0,9.0,14_103335352_103339151_+,,0.04270865408787925
1063.0,72.0,14_103335352_103339151_+,,0.26446728978439266
1621.0,9.0,14_103335352_103339151_+,,0.5895219765197156
283.0,9.0,12_56155118_56156542_+,,0.049618717292637955
634.0,9.0,12_56155118_56156542_+,,0.9320680526770031
1178.0,72.0,2_203189991_203191635_+,,0.35992601663167223
1430.0,9.0,2_203189991_203191635_+,,0.6375602265555308
772.0,9.0,11_17075478_17076168_-,,0.9986244091813107
1211.0,72.0,7_100088989_100092500_+,,0.07528919498310291
2687.0,54.0,7_100088989_100092500_+,,0.3098514526195763
2921.0,54.0,7_100088989_100092500_+,,0.4202686014481957
3173.0,36.0,7_100088989_100092500_+,,0.1336734193440408
591.0,9.0,17_42998448_43000402_+,,0.07041939131583747
1797.0,9.0,17_42998448_43000402_+,,0.8944866170831096
827.0,9.0,19_5689730_5692176_+,,0.461847140362936
1061.0,9.0,19_5689730_5692176_+,,0.1335867946899317
1871.0,9.0,19_5689730_5692176_+,,0.3447810792082999
545.0,27.0,17_75134947_75136550_-,,0.4764812206085314
1283.0,27.0,17_75134947_75136550_-,,0.5133045297630889
1926.0,9.0,X_154398196_154403997_+,,0.08167598496642338
2583.0,9.0,X_154398196_154403997_+,,0.46138008712256023
2691.0,45.0,X_154398196_154403997_+,,0.44563076623696224
484.0,36.0,4_165341646_165343460_+,,0.07846526925990005
1438.0,63.0,4_165341646_165343460_+,,0.9084757171386697
465.0,9.0,19_47755552_47756262_+,,0.9995676018646031
1119.0,18.0,20_18568439_18569863_+,,0.9805836392193568
1087.0,9.0,11_763043_765324_+,,0.0931477878861275
1546.0,9.0,11_763043_765324_+,,0.7118122725833085
2014.0,27.0,11_763043_765324_+,,0.1881749353177814
612.0,9.0,X_150986827_150991075_+,,0.17660018369579686
1260.0,72.0,X_150986827_150991075_+,,0.07211446067285522
1926.0,36.0,X_150986827_150991075_+,,0.6199110779135785
3915.0,45.0,X_150986827_150991075_+,,0.11845189346422727
385.0,63.0,10_70146988_70152775_-,,0.13831619195122938
2536.0,54.0,10_70146988_70152775_-,,0.7549313233071312
3166.0,45.0,10_70146988_70152775_-,,0.07650766335038123
2552.0,9.0,19_579199_583793_+,,0.05674172884041851
4253.0,36.0,19_579199_583793_+,,0.8842277222876217
439.0,54.0,14_49583271_49583975_-,,0.9544528713012357
1889.0,45.0,17_76733814_76736743_-,,0.0852760766940788
2591.0,45.0,17_76733814_76736743_-,,0.9028628686340523
301.0,9.0,2_130182326_130183471_+,,0.11225806888457282
634.0,9.0,2_130182326_130183471_+,,0.8864684150716595
469.0,72.0,13_21176925_21179384_+,,0.877399945262078
1027.0,63.0,13_21176925_21179384_+,,0.06619062977890222
649.0,45.0,6_113932727_113941388_-,,0.9676112105467716
745.0,45.0,9_128163142_128164228_+,,0.9952591139967364
978.0,27.0,8_54046066_54048418_-,,0.14552395468771476
2022.0,27.0,8_54046066_54048418_-,,0.8371816572320249
3302.0,72.0,11_2608027_2700294_-,,0.153847623480378
21941.0,27.0,11_2608027_2700294_-,,0.1003299632115054
55952.0,72.0,11_2608027_2700294_-,,0.049538510417611245
804.0,27.0,2_126695842_126696970_+,,0.9919268207871854
602.0,36.0,2_10439667_10441023_-,,0.9893870444179576
1144.0,27.0,10_68340873_68343491_+,,0.12483300849758336
1405.0,9.0,10_68340873_68343491_+,,0.3873511725931975
2296.0,36.0,10_68340873_68343491_+,,0.47116168695225596
1511.0,45.0,7_130504756_130506765_+,,0.9505040826529599
2008.0,45.0,2_28799003_28803240_+,,0.6212179741553507
2611.0,72.0,2_28799003_28803240_+,,0.18001474582019444
3889.0,72.0,2_28799003_28803240_+,,0.18176632974273793
859.0,72.0,17_75165285_75168638_-,,0.960559196170377
3082.0,36.0,17_75165285_75168638_-,,0.00015484737450464578
893.0,9.0,17_74767860_74769653_+,,0.003226936305035158
1442.0,54.0,17_74767860_74769653_+,,0.9802836026736031
1664.0,9.0,20_2461333_2464199_-,,0.1546166970723496
2537.0,27.0,20_2461333_2464199_-,,0.8022682248082161
1004.0,36.0,11_18406816_18408725_+,,0.9678646745573427
1149.0,72.0,5_149491896_149497160_-,,0.3895547861322764
2814.0,72.0,5_149491896_149497160_-,,0.3097427676741982
3750.0,45.0,5_149491896_149497160_-,,0.15301744781976506
269.0,36.0,6_132816918_132817648_+,,0.9527790133725409
1337.0,72.0,15_50354658_50372502_+,,0.23127314654326758
3533.0,72.0,15_50354658_50372502_+,,0.15806445490123877
6476.0,72.0,15_50354658_50372502_+,,0.09408643676106063
16664.0,36.0,15_50354658_50372502_+,,0.0772148262136551
1091.0,54.0,2_202205879_202207621_-,,0.8823290125342935
1442.0,27.0,2_202205879_202207621_-,,0.10380422994465592
1736.0,36.0,7_26189626_26193601_-,,0.7603676248514356
3464.0,72.0,7_26189626_26193601_-,,0.1965496818581244
764.0,9.0,2_206161540_206162229_+,,0.9746254959239695
1006.0,45.0,6_108210921_108212554_-,,0.8870449618009061
1312.0,18.0,6_108210921_108212554_-,,0.08063676652841623
503.0,36.0,9_110243510_110244519_-,,0.9930469432478584
1760.0,45.0,16_715681_719955_+,,0.9315618373236989
4019.0,54.0,16_715681_719955_+,,0.0556212026775533
477.0,9.0,X_103357699_103358762_+,,0.10637068534829906
738.0,27.0,X_103357699_103358762_+,,0.8796232675407202
619.0,45.0,4_146189356_146191835_+,,0.9816085624630685
556.0,9.0,20_49288744_49289560_+,,0.9704244414776476
560.0,9.0,13_27253919_27256991_+,,0.07341101892396815
1613.0,27.0,13_27253919_27256991_+,,0.30932938583060193
2558.0,27.0,13_27253919_27256991_+,,0.5993395467703373
512.0,45.0,X_103377527_103378377_+,,0.9921608887138206
1925.0,36.0,17_81509670_81511926_-,,0.9820121149293696
3787.0,36.0,19_8485302_8489414_+,,0.9670928076804718
1254.0,27.0,17_19383141_19385009_-,,0.0776026066298233
1488.0,72.0,17_19383141_19385009_-,,0.9121480553055251
1179.0,63.0,14_54423259_54428141_-,,0.9134724502558504
853.0,72.0,9_133349611_133351726_+,,0.06409786708668785
1285.0,9.0,9_133349611_133351726_+,,0.5370469879142683
1645.0,9.0,9_133349611_133351726_+,,0.32220987273807566
1879.0,36.0,9_133349611_133351726_+,,0.07024379496514385
1064.0,9.0,12_55725022_55727095_-,,0.09393296329280373
1397.0,36.0,12_55725022_55727095_-,,0.2977612808395586
1640.0,36.0,12_55725022_55727095_-,,0.5912907469570693
512.0,18.0,21_29055504_29056852_-,,0.993875411472822
375.0,9.0,19_49497419_49498106_+,,0.29801185645297357
762.0,9.0,19_49497419_49498106_+,,0.7013333630292484
926.0,54.0,19_18279459_18280740_-,,0.98341982729493
377.0,9.0,10_131966154_131970933_-,,0.03357219359065302
2609.0,72.0,10_131966154_131970933_-,,0.2748297304132763
3212.0,54.0,10_131966154_131970933_-,,0.6559197596011117
277.0,9.0,2_27216543_27217478_+,,0.14921171568790506
610.0,18.0,2_27216543_27217478_+,,0.8373001546845911
689.0,9.0,15_64365673_64366329_-,,0.9935035397121507
475.0,9.0,22_45562966_45563662_+,,3.2037354046634206e-46
836.0,9.0,18_49488152_49492133_-,,0.09911048074180467
1808.0,9.0,18_49488152_49492133_-,,0.19970175053036368
2708.0,45.0,18_49488152_49492133_-,,0.1331229378492701
3707.0,72.0,18_49488152_49492133_-,,0.48619610071072983
1822.0,9.0,12_98599654_98606679_+,,0.10224069477821975
2047.0,18.0,12_98599654_98606679_+,,0.8815291074661982
372.0,36.0,22_42085224_42086482_-,,0.6563458902785171
930.0,27.0,22_42085224_42086482_-,,0.3325033051713609
1288.0,9.0,8_144096036_144097825_+,,0.2285451125854171
1495.0,18.0,8_144096036_144097825_+,,0.7227890828545104
557.0,72.0,3_57571062_57572598_-,,0.06314653868284406
1214.0,27.0,3_57571062_57572598_-,,0.9255696714321457
611.0,9.0,12_53664865_53665728_-,,4.426391685869067e-37
464.0,18.0,8_116641829_116645305_-,,0.9855562789495713
641.0,27.0,17_40817816_40818775_-,,0.9898713659417843
704.0,63.0,9_33916937_33920704_+,,0.4370669326556537
1028.0,36.0,9_33916937_33920704_+,,0.45081323488821146
3431.0,36.0,9_33916937_33920704_+,,0.10436514519831354
2061.0,72.0,7_135672452_135676712_+,,0.3817747538802707
2673.0,72.0,7_135672452_135676712_+,,0.4802096928474119
3933.0,45.0,7_135672452_135676712_+,,0.09785790187188895
3661.0,36.0,11_117836675_117840668_-,,0.9869283289188979
9259.0,54.0,5_179613877_179623464_-,,0.9652502099298615
618.0,54.0,16_83811120_83820037_+,,0.6345622781522351
1842.0,45.0,16_83811120_83820037_+,,0.3220090486273536
844.0,18.0,X_51901252_51902657_+,,0.7214089118901142
1141.0,27.0,X_51901252_51902657_+,,0.26984402901820065
1016.0,9.0,20_62139030_62139978_-,,0.966670595668285
457.0,9.0,5_77690865_77693624_-,,0.06045495658710234
2374.0,27.0,5_77690865_77693624_-,,0.93531608011667
6069.0,36.0,11_64764305_64770708_-,,0.9600435234686545
503.0,18.0,5_135333599_135335441_-,,0.06251062271654458
1034.0,45.0,5_135333599_135335441_-,,0.9237381328480707
728.0,9.0,17_28722281_28722953_+,,0.9997972483428866
1628.0,72.0,5_83579679_83582603_+,,0.578926136638382
2150.0,72.0,5_83579679_83582603_+,,0.06392970499949072
2600.0,36.0,5_83579679_83582603_+,,0.3380310448775922
580.0,9.0,22_37676685_37680106_+,,0.07099426506027195
2119.0,9.0,22_37676685_37680106_+,,0.6853267422251189
3163.0,27.0,22_37676685_37680106_+,,0.23899445713623507
3613.0,72.0,17_50182988_50188937_-,,0.5775383963087581
4801.0,45.0,17_50182988_50188937_-,,0.40374197917022364
505.0,9.0,12_76036286_76050953_-,,0.06666465836569978
1378.0,18.0,12_76036286_76050953_-,,0.18307805786400805
1810.0,72.0,12_76036286_76050953_-,,0.09023941064371808
2647.0,9.0,12_76036286_76050953_-,,0.1441521647968545
3439.0,63.0,12_76036286_76050953_-,,0.3845159444887207
4753.0,36.0,12_76036286_76050953_-,,0.11032658149262964
673.0,9.0,7_94428887_94431532_+,,0.11517634319409648
1780.0,72.0,7_94428887_94431532_+,,0.3497266145864778
2320.0,45.0,7_94428887_94431532_+,,0.5235667101071356
506.0,36.0,2_231713013_231713698_+,,0.9924316366711531
663.0,36.0,17_28723128_28723792_+,,0.9257689294692505
947.0,36.0,17_82018401_82019681_-,,0.9897718877094318
2389.0,9.0,19_47779196_47784986_+,,0.08499089067118037
5467.0,27.0,19_47779196_47784986_+,,0.8898850803535685
560.0,9.0,16_56608294_56609797_+,,0.5202262811318547
956.0,9.0,16_56608294_56609797_+,,0.18618835104996295
1235.0,18.0,16_56608294_56609797_+,,0.28858704967041265
533.0,27.0,14_22564604_22565437_-,,0.9860886420562821
993.0,27.0,15_64962720_64964036_-,,0.991107311953101
1918.0,54.0,17_42124675_42126929_-,,0.9720823346610302
670.0,54.0,19_7958278_7964107_-,,0.1515999286624852
1813.0,36.0,19_7958278_7964107_-,,0.7751430765180615
755.0,45.0,X_78125489_78129596_+,,0.8913600356468782
1376.0,72.0,X_78125489_78129596_+,,0.0867627566957423
2157.0,18.0,11_62676197_62678901_-,,0.5269863385595915
2427.0,9.0,11_62676197_62678901_-,,0.4230376994699441
585.0,9.0,3_120600810_120602800_+,,0.8861664918423153
1566.0,54.0,3_120600810_120602800_+,,0.10519092990299864
364.0,9.0,5_40833578_40834455_-,,0.9994215079566658
520.0,27.0,19_45687153_45687998_-,,0.9930962090632908
348.0,9.0,8_124546942_124547738_+,,0.9993262961385747
2716.0,63.0,9_136724357_136727386_-,,0.9185298757857512
1624.0,72.0,14_95542973_95545024_+,,0.9781769749038376
605.0,9.0,19_18572992_18574090_+,,0.2004845726457609
947.0,9.0,19_18572992_18574090_+,,0.7984960736450499
1343.0,27.0,17_8158848_8161764_-,,0.8537315816383464
2558.0,45.0,17_8158848_8161764_-,,0.11921289032666324
419.0,9.0,16_89561133_89561817_+,,0.10579579393755656
752.0,9.0,16_89561133_89561817_+,,0.8936700818605633
386.0,9.0,14_52004061_52010991_+,,0.08287228455322612
629.0,18.0,14_52004061_52010991_+,,0.9018794799749926
466.0,18.0,X_55008754_55009541_-,,0.9968022339154157
529.0,36.0,6_158191857_158199644_+,,0.9354237422435974
2636.0,36.0,7_74194440_74197401_+,,0.9735495457488634
4351.0,54.0,16_21651568_21657773_+,,0.8846619048737001
5881.0,36.0,16_21651568_21657773_+,,0.09704275374640142
1837.0,36.0,X_103675195_103677351_-,,0.9797480051609037
775.0,36.0,X_155054294_155060603_+,,0.9679750366898975
643.0,18.0,5_171410226_171411437_+,,0.9967026651213383
1505.0,9.0,2_175175957_175180478_-,,0.0721782662075234
2315.0,36.0,2_175175957_175180478_-,,0.9020611641263102
252.0,9.0,8_56073534_56074201_-,,0.1231525628894949
603.0,9.0,8_56073534_56074201_-,,0.8764757537200468
1043.0,9.0,20_63520983_63522506_+,,0.4024929861960236
1241.0,36.0,20_63520983_63522506_+,,0.5790535683968079
1078.0,9.0,6_34417153_34418482_-,,0.9345578840735349
2825.0,36.0,19_16189195_16192346_+,,0.9673287392387683
333.0,27.0,19_12952818_12954507_-,,0.9778624517861946
615.0,9.0,12_56309541_56313185_-,,0.05451527519693706
2766.0,18.0,12_56309541_56313185_-,,0.9252611538140474
641.0,45.0,5_32600704_32604379_+,,0.7663234403386543
1235.0,45.0,5_32600704_32604379_+,,0.16981542297987154
3359.0,45.0,5_32600704_32604379_+,,0.05264701767483425
636.0,18.0,17_68046203_68047142_+,,0.9981317639885844
251.0,9.0,19_41860811_41861906_+,,0.07659952565169628
584.0,9.0,19_41860811_41861906_+,,0.9229268615546982
679.0,36.0,2_203426876_203448023_+,,0.2459942845276919
2821.0,54.0,2_203426876_203448023_+,,0.2689253020264411
4801.0,36.0,2_203426876_203448023_+,,0.1019897988719752
5278.0,27.0,2_203426876_203448023_+,,0.23165567933174813
2248.0,72.0,11_32102813_32106055_+,,0.07340938012050525
2698.0,27.0,11_32102813_32106055_+,,0.9186622949355392
2720.0,36.0,22_26667857_26676775_+,,0.7040995560172951
8561.0,63.0,22_26667857_26676775_+,,0.20513159777643927
992.0,9.0,14_102080437_102086678_-,,0.14159996367318364
1433.0,18.0,14_102080437_102086678_-,,0.32596568573641194
1829.0,54.0,14_102080437_102086678_-,,0.09306716504339228
5600.0,45.0,14_102080437_102086678_-,,0.36236904103670403
1695.0,45.0,7_157384566_157386624_+,,0.9761803047238804
891.0,36.0,2_65086554_65088792_-,,0.8514217345483782
1908.0,36.0,2_65086554_65088792_-,,0.13373567127176053
484.0,9.0,8_108203169_108203803_-,,0.9991629801319311
1104.0,36.0,14_74478922_74481075_-,,0.9736277064754162
1988.0,27.0,6_31726737_31729045_-,,0.9688481017627649
521.0,72.0,18_31598330_31599321_+,,0.9808309821220252
1277.0,27.0,3_134477405_134479015_-,,0.959819449661501
583.0,9.0,9_89316125_89317003_+,,0.9893141181360573
1561.0,18.0,17_4796427_4798803_+,,0.08398074312441194
1885.0,9.0,17_4796427_4798803_+,,0.6228370881319345
2110.0,18.0,17_4796427_4798803_+,,0.27607455070387793
980.0,36.0,8_99877565_99879094_-,,0.9647717326874767
2104.0,18.0,19_19525881_19529354_+,,0.12937461708795184
2365.0,27.0,19_19525881_19529354_+,,0.7720253160049636
467.0,63.0,7_137227040_137228375_-,,0.21061146941505346
647.0,72.0,7_137227040_137228375_-,,0.08812739916067197
998.0,45.0,7_137227040_137228375_-,,0.6917514903630845
592.0,45.0,12_91140183_91146552_-,,0.389291369096713
1006.0,72.0,12_91140183_91146552_-,,0.5640958139340202
2019.0,9.0,12_56712127_56714987_-,,0.07691806466457163
2271.0,18.0,12_56712127_56714987_-,,0.5461035518528701
2586.0,36.0,12_56712127_56714987_-,,0.36026864770885936
290.0,18.0,22_23894765_23895523_+,,0.538900652310415
488.0,9.0,22_23894765_23895523_+,,0.45986918105905156
2413.0,36.0,5_173607213_173609970_-,,0.9779515738463164
394.0,9.0,15_74923293_74923956_-,,0.9992860591551782
362.0,9.0,11_8683926_8684656_+,,1.8336425407333514e-77
2059.0,36.0,5_72204939_72209870_+,,0.14489749961811257
4597.0,54.0,5_72204939_72209870_+,,0.7979170261641835
1069.0,45.0,7_996685_998104_-,,0.9824209129539453
1540.0,72.0,17_75776133_75780072_-,,0.033145012249044335
1927.0,72.0,17_75776133_75780072_-,,0.42396191850631254
2584.0,45.0,17_75776133_75780072_-,,0.5018862588822022
580.0,27.0,19_2321216_2322122_-,,0.9926141246841297
3167.0,36.0,19_58547296_58551022_+,,0.18186765570607358
3410.0,27.0,19_58547296_58551022_+,,0.8005069843070648
1001.0,27.0,22_38683466_38685721_+,,0.9792076935967119
346.0,9.0,16_1962033_1962766_-,,0.20621884473763222
697.0,9.0,16_1962033_1962766_-,,0.787455605050563
1835.0,45.0,8_53966251_53968412_-,,0.9605341252673724
1671.0,36.0,6_34244530_34246531_+,,0.9853458003916343
4907.0,27.0,2_38743298_38749815_-,,0.6821414479637592
6185.0,72.0,2_38743298_38749815_-,,0.2136199053664057
443.0,9.0,9_133349794_133350468_+,,0.16655112738030528
722.0,9.0,9_133349794_133350468_+,,0.8333235489215093
521.0,36.0,3_49024024_49025340_-,,0.032208772319748724
872.0,72.0,3_49024024_49025340_-,,0.9623044765808766
1466.0,9.0,12_56637874_56640492_-,,0.10971749640525208
2303.0,27.0,12_56637874_56640492_-,,0.8840060169480296
1672.0,45.0,6_63579756_63583887_+,,0.7544474294211843
2644.0,45.0,6_63579756_63583887_+,,0.05359766744608541
3616.0,54.0,6_63579756_63583887_+,,0.11706322743065997
1331.0,9.0,13_27433838_27436123_+,,0.024506892432339677
1502.0,54.0,13_27433838_27436123_+,,0.45651982394665236
1889.0,27.0,13_27433838_27436123_+,,0.5070958404392885
1249.0,36.0,11_67397882_67399463_-,,0.9876249461268118
2950.0,36.0,3_50255891_50259655_+,,0.5041412674824853
3436.0,36.0,3_50255891_50259655_+,,0.48266447256588835
615.0,72.0,12_54230639_54242205_-,,0.07089474977796342
11235.0,27.0,12_54230639_54242205_-,,0.8024487116079392
4043.0,72.0,6_36598210_36605900_+,,0.14435671081945428
4574.0,63.0,6_36598210_36605900_+,,0.673940102140398
5204.0,27.0,6_36598210_36605900_+,,0.15350321594146638
663.0,9.0,22_39313518_39314211_-,,0.9781055393797592
2654.0,9.0,6_32975102_32981805_+,,0.07227091905843482
2969.0,45.0,6_32975102_32981805_+,,0.39738580374210647
6191.0,72.0,6_32975102_32981805_+,,0.5000454587453932
482.0,18.0,11_116832584_116833372_+,,0.9798497414257826
3754.0,36.0,12_57747426_57752036_-,,0.9622882587697127
656.0,9.0,9_33038384_33040207_+,,0.5235275372667793
881.0,72.0,9_33038384_33040207_+,,0.23931958605631523
1511.0,9.0,9_33038384_33040207_+,,0.22446931560899422
916.0,72.0,12_54283511_54287388_+,,0.14343602106814396
1429.0,27.0,12_54283511_54287388_+,,0.24055202965740838
1717.0,45.0,12_54283511_54287388_+,,0.5778647006845379
1514.0,54.0,12_68658979_68672201_+,,0.951995240428625
2997.0,54.0,10_1038851_1043062_-,,0.8982888085404288
332.0,9.0,11_64243150_64244432_+,,0.4794605698509027
539.0,36.0,11_64243150_64244432_+,,0.29201671407706115
980.0,36.0,11_64243150_64244432_+,,0.22182657525149663
505.0,9.0,16_18787762_18789418_-,,0.97742881205532
1181.0,27.0,15_80137179_80138693_+,,0.9811251012655247
1291.0,9.0,12_52951180_52953201_+,,0.8305994608764941
1768.0,27.0,12_52951180_52953201_+,,0.12501118055586852
1798.0,63.0,2_8682599_8684753_+,,0.9409320816885804
754.0,9.0,16_1962672_1963406_-,,0.973923490083504
2167.0,18.0,19_16099366_16103305_+,,0.05006936541292992
2932.0,72.0,19_16099366_16103305_+,,0.08814763008440692
3580.0,54.0,19_16099366_16103305_+,,0.8223306053303786
534.0,18.0,4_39455510_39458740_-,,0.1963320000734962
2397.0,18.0,4_39455510_39458740_-,,0.7548148913526358
505.0,9.0,22_40824234_40827529_-,,0.06058656863419197
1054.0,45.0,22_40824234_40827529_-,,0.11791029963135811
1387.0,63.0,22_40824234_40827529_-,,0.4933124717642727
2359.0,45.0,22_40824234_40827529_-,,0.13688447346519006
2863.0,72.0,22_40824234_40827529_-,,0.18285527363955179
694.0,18.0,15_78347520_78348530_+,,0.9920649254342511
351.0,27.0,19_39432906_39433813_-,,0.1856116982810221
594.0,27.0,19_39432906_39433813_-,,0.810759231790365
952.0,54.0,6_82365924_82371128_+,,0.8407697199257418
1447.0,63.0,6_82365924_82371128_+,,0.10540230815069852
647.0,27.0,9_33280508_33282369_+,,0.24764561540461963
989.0,27.0,9_33280508_33282369_+,,0.7329514452138265
953.0,18.0,11_65573226_65574498_+,,0.9893078157807949
1942.0,54.0,7_100677197_100679474_+,,0.9618533477950953
600.0,9.0,18_31594819_31596149_+,,0.9992985785692922
2998.0,18.0,16_31188052_31195171_+,,0.08203380530258142
3232.0,27.0,16_31188052_31195171_+,,0.6567409738963493
3538.0,72.0,16_31188052_31195171_+,,0.21891369529203583
644.0,54.0,10_133362179_133363167_-,,0.9925677255892912
594.0,36.0,19_42296732_42297665_-,,0.9951067761899425
683.0,9.0,4_151102570_151104952_+,,0.3557070510865188
1880.0,9.0,4_151102570_151104952_+,,0.5267575067767092
2132.0,45.0,4_151102570_151104952_+,,0.11324753670056477
2513.0,36.0,19_1270627_1275180_+,,0.8685609891325662
4034.0,72.0,19_1270627_1275180_+,,0.08411855679325965
456.0,9.0,19_49490603_49491274_+,,0.3513170473622615
699.0,9.0,19_49490603_49491274_+,,0.6478557316288213
1702.0,18.0,19_48382269_48384782_-,,0.1324708163310028
2197.0,18.0,19_48382269_48384782_-,,0.8353280131712116
1558.0,54.0,9_128691557_128696700_+,,0.06206429566357958
3565.0,36.0,9_128691557_128696700_+,,0.3720076517203256
3934.0,45.0,9_128691557_128696700_+,,0.2999839409447473
4816.0,36.0,9_128691557_128696700_+,,0.22737607596719575
547.0,45.0,15_34341412_34342293_-,,0.9896351424395557
587.0,9.0,2_276679_278583_+,,0.10114248794941447
839.0,9.0,2_276679_278583_+,,0.2616870442811799
1568.0,45.0,2_276679_278583_+,,0.6307306714795516
449.0,36.0,5_40824961_40832873_-,,0.9019024738342888
556.0,18.0,16_31090791_31091433_-,,0.9950732137572172
694.0,45.0,6_5102292_5109791_-,,0.7986915272016301
1342.0,45.0,6_5102292_5109791_-,,0.17702241850195302
606.0,36.0,19_12796519_12797466_-,,0.9917166097020879
665.0,9.0,19_17860992_17864453_+,,0.0577678516400316
1403.0,9.0,19_17860992_17864453_+,,0.4491290811030113
2204.0,9.0,19_17860992_17864453_+,,0.43151676195360666
2402.0,72.0,19_17860992_17864453_+,,0.05176158890910662
628.0,27.0,3_48443547_48444508_+,,0.9714150512741077
1330.0,72.0,15_48341128_48343673_+,,0.8690519452341505
2212.0,18.0,15_48341128_48343673_+,,0.0631758101978124
548.0,54.0,6_44253298_44254188_+,,0.9842363381538601
1216.0,36.0,5_133971614_133973162_-,,0.9922798048095955
747.0,36.0,3_129314470_129315560_-,,0.9881726898693495
1311.0,9.0,19_1241467_1245126_+,,0.16410096791097595
2886.0,72.0,19_1241467_1245126_+,,0.06973047573169402
3012.0,72.0,19_1241467_1245126_+,,0.49506070723407863
3327.0,27.0,19_1241467_1245126_+,,0.24889443962069974
659.0,27.0,22_21621214_21624334_+,,0.6733633944131148
1694.0,45.0,22_21621214_21624334_+,,0.1915891792924568
2261.0,54.0,22_21621214_21624334_+,,0.05406215155114791
2783.0,45.0,22_21621214_21624334_+,,0.07060944508447568
2272.0,27.0,8_17224663_17232837_-,,0.6199259130903118
3586.0,27.0,8_17224663_17232837_-,,0.23664442798888463
6727.0,36.0,8_17224663_17232837_-,,0.053898028327957086
1310.0,18.0,19_55642138_55643769_+,,0.9896499738133407
2010.0,36.0,8_144105568_144107911_+,,0.9871030874687975
2284.0,45.0,4_6640413_6643045_+,,0.9650020111425913
674.0,45.0,17_16342233_16343241_-,,0.9968982764614008
882.0,36.0,16_1771589_1772813_-,,0.9798404630692742
547.0,9.0,11_811296_813180_+,,0.5148192057544249
1519.0,72.0,11_811296_813180_+,,0.021736739419979893
1591.0,63.0,11_811296_813180_+,,0.4556607470743717
2676.0,45.0,21_43772210_43776645_-,,0.9645811713677938
628.0,9.0,12_53471337_53472107_+,,0.9982435768181247
1483.0,36.0,X_119242954_119244766_+,,0.9725128619607375
4791.0,72.0,14_22766947_22773341_+,,0.9395589531209919
5358.0,72.0,14_22766947_22773341_+,,0.0340056049166107
970.0,45.0,11_75571783_75573083_+,,0.9858542908931524
909.0,36.0,19_54435790_54437200_+,,0.9316916558852442
360.0,27.0,22_39522302_39522985_+,,0.9857729160291566
1675.0,45.0,3_150541693_150545925_-,,0.4566839288880144
3394.0,72.0,3_150541693_150545925_-,,0.3480814487902299
3880.0,72.0,3_150541693_150545925_-,,0.13572009031183715
801.0,27.0,10_101781024_101782154_-,,0.9705166925661123
431.0,18.0,16_154100_154803_+,,0.98996530147561
5726.0,63.0,3_186784128_186790200_+,,0.9610945963166162
1383.0,72.0,20_36045321_36051260_-,,0.05541772213981986
5613.0,36.0,20_36045321_36051260_-,,0.8004152439419662
559.0,9.0,5_73504046_73505935_+,,0.1654411983372246
1450.0,45.0,5_73504046_73505935_+,,0.8267808160920079
3080.0,54.0,12_110719379_110722937_-,,0.9227136663582296
2274.0,36.0,6_73515449_73519816_-,,0.9881215189993939
460.0,9.0,5_150442334_150445985_-,,0.6056913906844453
1774.0,36.0,5_150442334_150445985_-,,0.37997299188764344
395.0,9.0,17_81239471_81241581_+,,0.19590089540582012
1007.0,63.0,17_81239471_81241581_+,,0.10745155594973006
1808.0,9.0,17_81239471_81241581_+,,0.6870743446653109
475.0,9.0,19_18899213_18900749_-,,0.05213698118657003
970.0,9.0,19_18899213_18900749_-,,0.193609366537588
1213.0,9.0,19_18899213_18900749_-,,0.7452223242203226
2474.0,45.0,16_28842110_28845296_-,,0.9752618786172585
267.0,9.0,6_35470279_35471085_+,,0.6329645024355678
555.0,27.0,6_35470279_35471085_+,,0.3583282368146544
728.0,9.0,2_206161577_206162257_+,,0.991502342223417
1532.0,9.0,16_89560376_89567128_+,,0.46465680600359055
2216.0,9.0,16_89560376_89567128_+,,0.24661670590863877
2702.0,72.0,16_89560376_89567128_+,,0.14635931056644666
3008.0,63.0,16_89560376_89567128_+,,0.09244019008702212
559.0,72.0,X_103252694_103254090_-,,0.05207775964755789
1063.0,54.0,X_103252694_103254090_-,,0.9406337916769729
458.0,9.0,2_101003990_101007567_+,,0.7797782382855195
2240.0,54.0,2_101003990_101007567_+,,0.2036960254908165
552.0,36.0,5_140644984_140646002_-,,0.9908401565112995
467.0,9.0,17_48929015_48932017_-,,0.13136994692082773
1619.0,36.0,17_48929015_48932017_-,,0.8364236958772789
765.0,72.0,11_16754570_16757181_+,,0.10050511676012275
1377.0,72.0,11_16754570_16757181_+,,0.8839606307669108
738.0,27.0,15_64072258_64073328_-,,0.9866529968797578
541.0,72.0,6_33275664_33276810_+,,0.7683650941468411
784.0,36.0,6_33275664_33276810_+,,0.22526554049359088
595.0,9.0,5_171405001_171407425_+,,0.2611157419433262
1720.0,9.0,5_171405001_171407425_+,,0.731027116737911
4652.0,36.0,17_77495913_77500896_+,,0.9837141769782302
596.0,27.0,5_139368432_139370020_+,,0.12780547006054127
1253.0,54.0,5_139368432_139370020_+,,0.8604057380496822
695.0,18.0,10_100523439_100524439_-,,0.9843274269892494
578.0,9.0,11_5247778_5249851_-,,0.6132448500808336
1496.0,9.0,11_5247778_5249851_-,,0.27793156579101214
1766.0,27.0,11_5247778_5249851_-,,0.10752433682930848
484.0,9.0,17_32369459_32382186_+,,0.10101206481195765
889.0,72.0,17_32369459_32382186_+,,0.5543155295655858
11437.0,72.0,17_32369459_32382186_+,,0.15213740079583102
12409.0,36.0,17_32369459_32382186_+,,0.07164702589185055
799.0,9.0,X_154399980_154400715_+,,0.9996748387017858
3378.0,63.0,X_48574867_48579366_+,,0.9634304947569814
420.0,27.0,2_73252561_73253321_+,,0.9906221460548318
2971.0,72.0,X_136871967_136876955_-,,0.20635021067403933
3466.0,27.0,X_136871967_136876955_-,,0.7222308988385312
637.0,72.0,15_77041103_77047227_-,,0.0849851550894642
1177.0,54.0,15_77041103_77047227_-,,0.8856887288807238
448.0,9.0,3_48440102_48441334_+,,0.6505018326508589
691.0,9.0,3_48440102_48441334_+,,0.34942769668767537
592.0,36.0,2_24789433_24790881_-,,0.9023608974271251
1024.0,72.0,2_24789433_24790881_-,,0.08680555170179935
493.0,36.0,22_41663515_41664348_+,,0.9978489217249248
871.0,54.0,9_134842003_134845143_+,,0.20270519972607645
1636.0,45.0,9_134842003_134845143_+,,0.2633078919846833
2518.0,54.0,9_134842003_134845143_+,,0.44140940866521844
2824.0,45.0,9_134842003_134845143_+,,0.07651347108207869
455.0,45.0,11_78068003_78070286_-,,0.9624769782569421
529.0,9.0,3_14197816_14201419_+,,0.9431649913582549
548.0,18.0,22_37888125_37889707_+,,0.9486309977627857
1690.0,27.0,19_1596871_1599739_-,,0.8553557388095079
2518.0,45.0,19_1596871_1599739_-,,0.07334755534850267
512.0,9.0,12_10698788_10699954_-,,0.05037389908183124
827.0,54.0,12_10698788_10699954_-,,0.9426401030647032
809.0,18.0,11_319368_320500_-,,0.99428119245304
534.0,36.0,2_61867788_61869006_-,,0.9683147467525652
916.0,27.0,7_44833927_44835784_-,,0.05177325877619796
1519.0,36.0,7_44833927_44835784_-,,0.912381676296548
797.0,27.0,3_9388548_9392126_-,,0.753745942851944
2066.0,72.0,3_9388548_9392126_-,,0.14054971648091494
869.0,36.0,6_113860279_113863771_+,,0.21275099229094424
1490.0,54.0,6_113860279_113863771_+,,0.5468092587799164
3119.0,72.0,6_113860279_113863771_+,,0.22522592324268675
2005.0,45.0,6_121447696_121450027_+,,0.9627048033292214
776.0,27.0,19_3975755_3976853_-,,0.9883258476154212
1033.0,36.0,X_155238471_155240117_+,,0.1130753165867225
1321.0,27.0,X_155238471_155240117_+,,0.8749955981204268
617.0,9.0,22_42081624_42084584_+,,0.5697216804176867
1760.0,18.0,22_42081624_42084584_+,,0.4011795929496212
1298.0,9.0,2_3575516_3581219_+,,0.13589295145966454
2450.0,9.0,2_3575516_3581219_+,,0.24425872876620477
4880.0,9.0,2_3575516_3581219_+,,0.5902275291571275
1410.0,36.0,12_6965026_6966800_-,,0.983489078777653
1919.0,45.0,19_50797403_50799657_-,,0.97671689329448
1050.0,45.0,13_37562282_37563670_-,,0.9849732115696305
2433.0,27.0,6_159778197_159781410_-,,0.906956032926923
2883.0,54.0,6_159778197_159781410_-,,0.06191628439632482
2106.0,45.0,3_51993299_51995769_-,,0.9875209999267418
592.0,9.0,21_31666957_31667641_+,,0.9998571991366112
1690.0,36.0,6_158636173_158638194_-,,0.9891746826574013
1204.0,36.0,8_109342478_109346253_+,,0.7851973933702944
1942.0,45.0,8_109342478_109346253_+,,0.10102998170796332
3445.0,63.0,8_109342478_109346253_+,,0.07340861895766355
1153.0,27.0,19_17402638_17404124_-,,0.9883139347497324
1184.0,45.0,11_63757855_63760191_+,,0.4274920784519606
2003.0,36.0,11_63757855_63760191_+,,0.5408915625796897
913.0,36.0,2_20032349_20033579_-,,0.9877636584500072
1772.0,72.0,5_17274907_17277143_+,,0.9656997614817516
930.0,27.0,16_172824_174010_+,,0.9888201797871576
556.0,54.0,2_182832974_182835148_-,,0.46983640326579484
1114.0,36.0,2_182832974_182835148_-,,0.4853895825002954
2016.0,18.0,6_109366213_109369317_-,,0.08854086229903035
2772.0,27.0,6_109366213_109369317_-,,0.8524457608535343
1951.0,36.0,3_149964603_149966886_-,,0.9895116893231469
3798.0,45.0,16_84565293_84569427_-,,0.9866387030932575
336.0,9.0,5_132866568_132868331_+,,0.3498318346244855
624.0,9.0,5_132866568_132868331_+,,0.3704709628092862
1155.0,27.0,5_132866568_132868331_+,,0.2759816776198661
1125.0,27.0,2_42349037_42351659_-,,0.9724800805805593
2235.0,45.0,14_20455501_20458072_+,,0.9756349943999398
685.0,18.0,12_57748317_57748982_-,,0.9950913564613239
575.0,72.0,9_114597443_114598673_+,,0.12183502882173232
926.0,27.0,9_114597443_114598673_+,,0.8684098097149016
763.0,18.0,16_31090541_31091642_-,,0.9936980384526615
729.0,18.0,13_45337179_45337909_-,,0.9930169462250754
1231.0,9.0,18_55222030_55229376_-,,0.06819105795732759
1591.0,72.0,18_55222030_55229376_-,,0.25737844472865923
5254.0,72.0,18_55222030_55229376_-,,0.26480516949635863
5866.0,72.0,18_55222030_55229376_-,,0.28721332547466605
508.0,54.0,11_65891092_65891935_+,,0.9992350556210285
475.0,54.0,15_82536487_82537181_-,,0.9494311427288922
567.0,9.0,2_130190168_130191029_+,,0.9907476924643999
943.0,9.0,16_176628_177822_+,,0.9687565695980324
1412.0,72.0,6_33416141_33418310_-,,0.11687063986569496
1754.0,36.0,6_33416141_33418310_-,,0.864962403510054
503.0,9.0,19_39834157_39835113_-,,0.665956706092797
701.0,9.0,19_39834157_39835113_-,,0.3211159934690934
498.0,36.0,7_123536696_123542520_-,,0.051393415065981246
1461.0,36.0,7_123536696_123542520_-,,0.8863206802330793
592.0,18.0,19_49687861_49689329_+,,0.9692728038290649
440.0,27.0,11_64321391_64322111_+,,0.9931866743222769
308.0,9.0,4_108666957_108668120_+,,0.00010040747044901366
821.0,72.0,4_108666957_108668120_+,,0.9971108329476668
1528.0,72.0,9_72351124_72357356_-,,0.0529243535241509
2869.0,45.0,9_72351124_72357356_-,,0.8257110010504585
5731.0,45.0,9_72351124_72357356_-,,0.05858837338973273
2818.0,36.0,18_36793805_36798909_-,,0.9202945370809286
398.0,18.0,8_100702667_100703324_-,,0.9890775209377969
605.0,9.0,19_58392755_58395106_+,,0.1178566077122392
902.0,9.0,19_58392755_58395106_+,,0.6049160046355695
2027.0,27.0,19_58392755_58395106_+,,0.27511833416165404
2749.0,27.0,12_49127481_49130555_-,,0.9897851872139303
495.0,9.0,17_8381483_8382615_-,,0.9995242958520879
761.0,36.0,19_17278544_17279642_+,,0.9935598480404568
1637.0,45.0,20_63741829_63743805_+,,0.9882897309032622
1928.0,36.0,4_99947785_99950040_-,,0.9891428963930686
2438.0,36.0,17_81897819_81901291_+,,0.9959313008991855
950.0,54.0,5_115913061_115914381_+,,0.9948822954608085
4637.0,36.0,12_6747695_6752662_-,,0.9564710043278773
529.0,36.0,14_74479832_74480504_-,,0.9939223437025425
1043.0,54.0,4_98871383_98881442_-,,0.12580108057398934
1394.0,72.0,4_98871383_98881442_-,,0.661420119090912
2096.0,72.0,4_98871383_98881442_-,,0.1667705864329033
10613.0,36.0,11_10796749_10807681_-,,0.9269143832983059
794.0,72.0,11_102396031_102399166_-,,0.09888157649556333
2810.0,27.0,11_102396031_102399166_-,,0.8570557465952823
1904.0,36.0,6_10755047_10757281_+,,0.9458106257011608
3443.0,72.0,7_32485031_32490449_-,,0.805300711599027
4253.0,54.0,7_32485031_32490449_-,,0.052144078346465346
1194.0,36.0,15_52546744_52552404_-,,0.5879955420345782
1608.0,72.0,15_52546744_52552404_-,,0.11585076802367393
5190.0,72.0,15_52546744_52552404_-,,0.25415966852680144
1835.0,36.0,7_38228554_38230971_+,,0.36719761435441434
2096.0,18.0,7_38228554_38230971_+,,0.6265177185125924
788.0,36.0,6_10730314_10731429_+,,0.9976500437739102
1198.0,36.0,10_5764922_5766452_-,,0.9787237754376462
482.0,9.0,4_39452220_39454949_-,,0.7032009292238867
860.0,27.0,4_39452220_39454949_-,,0.2887687823649815
655.0,9.0,19_1439718_1440794_+,,0.953664435911795
464.0,9.0,16_30887494_30889230_-,,0.23396756362515597
1436.0,9.0,16_30887494_30889230_-,,0.751726711469425
472.0,9.0,6_75240000_75241565_-,,0.4008539852865663
1363.0,9.0,6_75240000_75241565_-,,0.5985150353999722
609.0,45.0,21_44805316_44807340_-,,0.06917381927997737
1014.0,72.0,21_44805316_44807340_-,,0.00577885892062642
1671.0,72.0,21_44805316_44807340_-,,0.909954641673884
260.0,9.0,13_21146870_21149384_+,,0.10127790720618969
692.0,63.0,13_21146870_21149384_+,,0.7885289197527662
1475.0,63.0,13_21146870_21149384_+,,0.06991984650209734
2909.0,36.0,19_1036115_1039368_+,,0.9505907978668802
1321.0,36.0,19_13153558_13155208_+,,0.9737957573564037
1042.0,45.0,10_97432054_97433741_+,,0.057809966148642665
1366.0,27.0,10_97432054_97433741_+,,0.9302240005518028
803.0,45.0,5_178210323_178211463_+,,0.9788975881035852
1042.0,9.0,3_197950431_197951965_+,,0.9632730714890092
521.0,9.0,19_5678120_5680063_-,,0.10151578945526618
827.0,54.0,19_5678120_5680063_-,,0.12124710530209051
1637.0,36.0,19_5678120_5680063_-,,0.7598602483585346
814.0,36.0,11_77614229_77616995_-,,0.9858794892270346
1449.0,36.0,13_49660422_49662202_-,,0.9931645528892965
2792.0,45.0,19_3052609_3056026_-,,0.41325160137492695
3062.0,72.0,19_3052609_3056026_-,,0.5736647465726015
3736.0,54.0,17_58003059_58007239_-,,0.9432205211844475
607.0,9.0,9_136839013_136841487_+,,0.2872984692745957
2128.0,45.0,9_136839013_136841487_+,,0.6585195409054917
2552.0,27.0,16_75575307_75578181_+,,0.9725852048615484
493.0,36.0,13_75524918_75526939_-,,0.9793736588847736
1472.0,36.0,8_97851096_97853313_+,,0.9512932289822307
826.0,45.0,9_137189506_137190670_+,,0.9850770781077658
4858.0,36.0,7_42916556_42922231_-,,0.8793957309754136
5344.0,54.0,7_42916556_42922231_-,,0.09823827884625745
1546.0,9.0,17_38847564_38854064_-,,0.0822710711557975
3778.0,9.0,17_38847564_38854064_-,,0.5142208643416428
4012.0,9.0,17_38847564_38854064_-,,0.3493228847623327
542.0,18.0,19_35658310_35659161_+,,0.933012822228346
609.0,9.0,2_85596218_85597913_+,,0.20453498981795304
888.0,36.0,2_85596218_85597913_+,,0.4876809429715293
1149.0,54.0,2_85596218_85597913_+,,0.24791340224563954
1464.0,9.0,2_85596218_85597913_+,,0.046696719287967425
578.0,9.0,12_122982168_122983207_+,,0.29212585820756165
740.0,18.0,12_122982168_122983207_+,,0.6936808820915532
658.0,27.0,11_65571090_65574242_+,,0.2724671172517907
3088.0,18.0,11_65571090_65574242_+,,0.7210721747256601
566.0,9.0,2_231711047_231713841_+,,0.1720254418932718
1106.0,9.0,2_231711047_231713841_+,,0.13434765957490935
2465.0,63.0,2_231711047_231713841_+,,0.6594023009801131
2113.0,45.0,16_29695496_29698999_+,,0.6090172220583823
2581.0,72.0,16_29695496_29698999_+,,0.2482639613390732
3184.0,45.0,16_29695496_29698999_+,,0.13122484755512395
655.0,9.0,16_88858318_88862986_+,,0.07525108029095076
1618.0,18.0,16_88858318_88862986_+,,0.2606169947479296
1843.0,9.0,16_88858318_88862986_+,,0.3506016331763877
2860.0,9.0,16_88858318_88862986_+,,0.21665031806934512
4363.0,27.0,16_88858318_88862986_+,,0.07349661798638038
1780.0,9.0,17_51159679_51162728_+,,0.1683162526315146
2356.0,9.0,17_51159679_51162728_+,,0.7787183247021731
961.0,72.0,3_53884109_53886179_-,,0.902723732663262
1726.0,72.0,3_53884109_53886179_-,,0.07329020996177012
1547.0,27.0,16_680908_683170_+,,0.05418775991118792
1808.0,36.0,16_680908_683170_+,,0.9281166651309033
1481.0,9.0,13_30456403_30463994_-,,0.11030972954743098
2678.0,72.0,13_30456403_30463994_-,,0.07588548380670194
3056.0,45.0,13_30456403_30463994_-,,0.6174672874180425
4118.0,36.0,13_30456403_30463994_-,,0.11720787563957986
531.0,9.0,X_20124217_20128605_-,,0.1823027607150942
828.0,72.0,X_20124217_20128605_-,,0.4384557793357776
1431.0,72.0,X_20124217_20128605_-,,0.18125261058449527
2547.0,72.0,X_20124217_20128605_-,,0.08158801231998593
4059.0,36.0,X_20124217_20128605_-,,0.08988740158448613
913.0,27.0,6_89083896_89085460_+,,0.9705665259239971
2986.0,36.0,17_50367556_50370886_-,,0.9757895479374434
516.0,18.0,7_10931650_10933992_-,,0.9920349858738798
575.0,9.0,10_70111383_70112580_+,,0.12462419899637507
854.0,36.0,10_70111383_70112580_+,,0.8609085296817376
604.0,9.0,22_20125007_20127657_+,,0.09694909520568494
1558.0,9.0,22_20125007_20127657_+,,0.18398542890195616
2305.0,54.0,22_20125007_20127657_+,,0.7124840371349281
677.0,36.0,11_62764881_62767010_+,,0.1461337808958885
1037.0,9.0,11_62764881_62767010_+,,0.36027033620837284
1604.0,9.0,11_62764881_62767010_+,,0.14654024816488614
1856.0,18.0,11_62764881_62767010_+,,0.34362552179975114
479.0,9.0,22_23765533_23766483_-,,0.07924502040883975
641.0,36.0,22_23765533_23766483_-,,0.9154716558165696
5875.0,9.0,18_46079947_46090296_-,,0.1754687799649651
6145.0,9.0,18_46079947_46090296_-,,0.8021062141512333
540.0,18.0,2_131483657_131484518_-,,0.9904096564438993
741.0,72.0,12_122981474_122983213_+,,0.114546037540371
1290.0,9.0,12_122981474_122983213_+,,0.3059328947873507
1443.0,9.0,12_122981474_122983213_+,,0.567908648762082
685.0,36.0,15_78548489_78552719_+,,0.9912861312244283
594.0,27.0,12_6491585_6492767_-,,0.9752893646597786
309.0,9.0,6_35470207_35470879_+,,0.7296539275707643
624.0,27.0,6_35470207_35470879_+,,0.2613977749712316
2744.0,27.0,15_34227392_34230456_+,,0.946080559946715
493.0,36.0,11_119015411_119016239_-,,0.9871075903278441
530.0,27.0,19_40447464_40448346_-,,0.9961732880111708
558.0,36.0,2_43222101_43224618_-,,0.4567158347867857
2196.0,36.0,2_43222101_43224618_-,,0.506340722947972
674.0,54.0,12_53479105_53481462_+,,0.959516494138271
598.0,9.0,8_11838087_11839609_+,,0.20793498561488447
868.0,54.0,8_11838087_11839609_+,,0.5257922745808593
1201.0,45.0,8_11838087_11839609_+,,0.25769260972675695
469.0,9.0,11_119017060_119018353_-,,0.1449673647631311
1063.0,9.0,11_119017060_119018353_-,,0.8465722361191381
2991.0,45.0,3_120391992_120397296_-,,0.9515492061214543
6835.0,36.0,8_22587431_22598325_+,,0.9813884027708631
580.0,9.0,16_2757171_2763882_+,,0.7199395612701004
886.0,45.0,16_2757171_2763882_+,,0.2357237958179527
1178.0,27.0,11_66002934_66004449_+,,0.9915426737189226
1358.0,27.0,15_64155511_64157209_-,,0.9728720048715228
1495.0,54.0,5_138467781_138469615_+,,0.9680836077446967
1429.0,63.0,5_134148634_134158895_-,,0.8232051750675548
1951.0,72.0,5_134148634_134158895_-,,0.11813015414878024
502.0,9.0,15_82536449_82540432_-,,0.4468740867371522
2257.0,9.0,15_82536449_82540432_-,,0.05520557625621053
3778.0,63.0,15_82536449_82540432_-,,0.4311681098053177
1890.0,36.0,15_72198728_72200955_-,,0.9932155046808677
494.0,36.0,7_42917213_42917873_-,,0.9836434060342787
583.0,9.0,2_197502738_197503757_+,,0.7245805075578639
727.0,9.0,2_197502738_197503757_+,,0.25731698587042295
1072.0,9.0,12_120439670_120441042_+,,0.9901895200800331
2446.0,9.0,16_18780994_18787095_-,,0.46428360670586677
4156.0,27.0,16_18780994_18787095_-,,0.5269444007430717
1291.0,9.0,17_8378844_8380979_-,,0.9759780149606351
1850.0,36.0,X_119469441_119471619_+,,0.961127711804401
484.0,9.0,7_76066110_76067808_+,,0.9484517516082028
622.0,45.0,6_144094580_144095536_-,,0.9888622743102471
679.0,36.0,X_102513375_102514386_-,,0.9924354026717722
592.0,45.0,18_21628761_21633824_+,,0.4993682028444385
1474.0,72.0,18_21628761_21633824_+,,0.4483128850756924
1519.0,27.0,17_63695601_63699369_-,,0.9771441720070176
477.0,9.0,7_54751949_54752710_-,,0.9773789267148514
4076.0,36.0,11_65883440_65888432_-,,0.6062668259148385
4571.0,54.0,11_65883440_65888432_-,,0.3561631992033264
1003.0,9.0,15_24977481_24978618_+,,0.8105691634746859
1174.0,9.0,15_24977481_24978618_+,,0.1721795898649539
361.0,9.0,20_59025166_59030605_-,,0.3732209172495703
1936.0,36.0,20_59025166_59030605_-,,0.614212240759899
745.0,63.0,19_40377685_40378783_+,,0.9899100943987055
953.0,36.0,20_31605537_31606815_+,,0.9775942550478908
620.0,9.0,22_23833271_23838308_+,,0.10732380723162212
1196.0,36.0,22_23833271_23838308_+,,0.8790448970542782
2287.0,63.0,20_58908861_58911492_+,,0.9778963853265633
1714.0,27.0,7_56101268_56103311_-,,0.9423033807653706
472.0,9.0,9_127448809_127449662_-,,0.9930624223843756
1543.0,54.0,22_36466735_36468963_-,,0.5338842691822886
1885.0,36.0,22_36466735_36468963_-,,0.4589876797686056
1246.0,36.0,8_143021122_143022712_+,,0.9823228364547559
1177.0,36.0,3_52524084_52525595_-,,0.9533695827007943
2774.0,54.0,15_76947120_76954692_+,,0.9434564885388372
456.0,9.0,19_49490314_49490999_+,,0.15360851387241495
744.0,9.0,19_49490314_49490999_+,,0.8450016750675764
637.0,36.0,6_106969530_106971960_-,,0.10436784741311038
2104.0,36.0,6_106969530_106971960_-,,0.8789902628374733
3879.0,45.0,11_65018270_65022484_+,,0.9676884469055055
763.0,36.0,15_64364010_64366375_-,,0.9212078117201848
1940.0,45.0,17_58344874_58347884_-,,0.7628868667479033
2669.0,27.0,17_58344874_58347884_-,,0.22389902229262182
518.0,72.0,2_149569333_149570273_-,,0.2691755621808435
635.0,27.0,2_149569333_149570273_-,,0.7243113942421991
358.0,9.0,9_133350155_133350828_+,,0.09672307683321968
736.0,9.0,9_133350155_133350828_+,,0.9027019875271274
566.0,9.0,20_49280184_49281481_+,,0.5791276528937667
971.0,9.0,20_49280184_49281481_+,,0.4204522315558569
1915.0,36.0,14_75131169_75136186_-,,0.5369921092070052
4678.0,54.0,14_75131169_75136186_-,,0.43929868433263886
299.0,9.0,22_23894471_23895527_+,,0.6680083059569152
587.0,45.0,22_23894471_23895527_+,,0.17189597236095225
785.0,9.0,22_23894471_23895527_+,,0.15958042954169482
1609.0,72.0,2_231453230_231456436_-,,0.9800026777448931
1376.0,9.0,11_8682901_8690172_+,,0.0699523360777924
2132.0,9.0,11_8682901_8690172_+,,0.7639412354725644
3032.0,36.0,11_8682901_8690172_+,,0.13872240242208966
782.0,9.0,20_49278126_49278924_+,,0.9994822014969634
738.0,45.0,19_1390570_1395889_+,,0.3154377602990983
2925.0,45.0,19_1390570_1395889_+,,0.43353172139805257
5076.0,9.0,19_1390570_1395889_+,,0.22727711361000694
720.0,45.0,8_38059603_38060665_+,,0.9828553329278992
2494.0,9.0,22_37875847_37895863_+,,0.3337437947777917
11161.0,54.0,22_37875847_37895863_+,,0.45264759473808774
12835.0,9.0,22_37875847_37895863_+,,0.1989957536074679
954.0,36.0,17_47682103_47685805_+,,0.4902439248783224
1512.0,63.0,17_47682103_47685805_+,,0.3174751118422493
2511.0,72.0,17_47682103_47685805_+,,0.09947485077473238
559.0,63.0,18_3277637_3278584_+,,0.9904872970009612
1618.0,9.0,11_5252889_5254775_-,,0.9862277766604554
1030.0,27.0,7_102472817_102474498_-,,0.9567427505529166
2225.0,72.0,10_43385316_43388236_-,,0.9282851716149653
1430.0,54.0,17_4945351_4947120_-,,0.9643023727738382
1652.0,27.0,17_41523316_41525299_-,,0.9852281668845722
1760.0,9.0,19_41956380_41958683_-,,0.09448807107165197
1976.0,27.0,19_41956380_41958683_-,,0.9015816627436961
846.0,54.0,12_118144285_118145884_+,,0.4431167456427777
1278.0,27.0,12_118144285_118145884_+,,0.5550002707381217
486.0,9.0,4_143995803_143997934_-,,0.19656729236049045
1827.0,18.0,4_143995803_143997934_-,,0.7987816522597353
874.0,54.0,12_53445714_53446945_+,,0.9819848711411825
292.0,9.0,19_18574850_18577850_+,,0.6133865893632399
418.0,63.0,19_18574850_18577850_+,,0.3706915642956824
1444.0,9.0,22_36510549_36512902_-,,0.46463857313068957
2065.0,18.0,22_36510549_36512902_-,,0.513242433262984
1016.0,36.0,7_99394662_99397040_-,,0.9838445147422108
2518.0,27.0,7_35902775_35907405_+,,0.9278353324868152
431.0,36.0,12_14774560_14778302_+,,0.962838573086602
1043.0,9.0,11_67584384_67586956_+,,0.06741238859584431
2006.0,9.0,11_67584384_67586956_+,,0.39775297255743985
2276.0,9.0,11_67584384_67586956_+,,0.5246737833454713
1943.0,9.0,8_100151666_100154302_+,,0.2529361035157886
2303.0,36.0,8_100151666_100154302_+,,0.7119676698609687
378.0,9.0,2_27070171_27071648_-,,0.28763168425890784
1161.0,9.0,2_27070171_27071648_-,,0.700874070845963
3461.0,9.0,19_48615027_48619475_-,,0.05936559701361417
3596.0,72.0,19_48615027_48619475_-,,0.6189260731191603
4190.0,36.0,19_48615027_48619475_-,,0.27552371501000117
628.0,9.0,17_38760130_38760908_+,,0.999714619821954
764.0,27.0,X_21994051_21995135_+,,0.9903186107700225
1808.0,72.0,11_61799324_61803759_-,,0.5567916426869882
3509.0,54.0,11_61799324_61803759_-,,0.1340251488882234
4103.0,45.0,11_61799324_61803759_-,,0.28160876310274385
2039.0,9.0,2_206160266_206163228_+,,0.10653528441902213
2516.0,9.0,2_206160266_206163228_+,,0.6148799296754699
2705.0,54.0,2_206160266_206163228_+,,0.22615724951279173
4397.0,36.0,12_120461367_120466087_-,,0.9839645618324281
644.0,27.0,12_21635041_21636009_-,,0.9942446755707203
2655.0,63.0,12_106237576_106240649_-,,0.9135631669726746
413.0,9.0,20_62387461_62388820_+,,0.4933633861579291
620.0,45.0,20_62387461_62388820_+,,0.41191993892362794
1052.0,54.0,20_62387461_62388820_+,,0.08032282170803819
420.0,9.0,19_49490874_49491560_+,,0.6114340066022782
798.0,9.0,19_49490874_49491560_+,,0.38813728455821905
2066.0,36.0,6_43511526_43513933_-,,0.9871847235072753
1134.0,18.0,21_39342014_39343459_-,,0.972760285530247
1044.0,45.0,16_11833549_11838413_-,,0.9418919457241676
354.0,27.0,11_65502613_65503308_+,,0.9926591741881513
673.0,9.0,14_104755329_104759959_+,,0.05720519014619174
1591.0,9.0,14_104755329_104759959_+,,0.5865414541828011
4345.0,18.0,14_104755329_104759959_+,,0.3522466819428236
691.0,45.0,10_125788276_125789305_-,,0.9949300862143852
478.0,45.0,17_64145782_64146452_+,,0.9949903974578115
457.0,9.0,17_28325355_28328985_+,,0.18750600355401975
1438.0,9.0,17_28325355_28328985_+,,0.14779824005630787
2842.0,36.0,17_28325355_28328985_+,,0.5110302957097047
3301.0,36.0,17_28325355_28328985_+,,0.10250516541956667
2506.0,72.0,3_129169183_129172071_-,,0.9568971536729325
399.0,27.0,16_2771113_2772339_-,,0.9341839577565152
903.0,45.0,16_2771113_2772339_-,,0.052885305865881964
1407.0,27.0,9_34613244_34614991_-,,0.9665291435531063
604.0,9.0,7_118187977_118193124_+,,0.36665921063997015
3097.0,45.0,7_118187977_118193124_+,,0.06758198361842024
4204.0,27.0,7_118187977_118193124_+,,0.4429580239211447
4825.0,36.0,7_118187977_118193124_+,,0.08292511352167642
553.0,27.0,2_32023591_32024483_-,,0.9712850422070648
647.0,36.0,15_64687272_64689134_-,,0.34857772032642387
1529.0,36.0,15_64687272_64689134_-,,0.6399999546908627
1487.0,27.0,16_87401874_87405079_+,,0.32694965522197766
2864.0,54.0,16_87401874_87405079_+,,0.6445206093714247
1533.0,36.0,14_24216551_24218428_-,,0.9832658883882016
243.0,9.0,14_49584997_49586147_-,,0.9996517725884061
376.0,18.0,14_49618218_49619083_-,,0.9948003913916084
847.0,45.0,17_36494922_36496123_+,,0.9945768865484272
564.0,9.0,3_12838750_12839830_-,,0.9983921145411323
872.0,27.0,11_308502_309695_+,,0.9898180561893802
684.0,36.0,7_98290810_98291845_+,,0.9950752247615413
319.0,9.0,17_75038562_75040314_-,,0.0588575657289672
1201.0,9.0,17_75038562_75040314_-,,0.1472048592900887
1453.0,9.0,17_75038562_75040314_-,,0.7850877622181612
953.0,9.0,16_66931754_66934463_-,,0.05783864750963336
1763.0,72.0,16_66931754_66934463_-,,0.08147500990608388
2393.0,18.0,16_66931754_66934463_-,,0.8374720269980078
637.0,18.0,5_40832355_40833035_-,,0.9380235178443855
647.0,36.0,14_20311067_20312052_-,,0.9969779042945757
1683.0,54.0,11_65854374_65856542_-,,0.9776250697447342
1260.0,45.0,15_40035438_40037318_-,,0.9344810497065097
1557.0,18.0,15_40035438_40037318_-,,0.055410487912906786
2960.0,54.0,10_100360633_100365134_+,,0.15567544551480464
4175.0,45.0,10_100360633_100365134_+,,0.7903158314211605
487.0,18.0,16_23580701_23582675_-,,0.3926964577036097
1666.0,27.0,16_23580701_23582675_-,,0.598955606277927
499.0,18.0,6_75237374_75238288_-,,0.9903702533191377
614.0,9.0,19_48329051_48330853_+,,0.48816962445942047
1514.0,18.0,19_48329051_48330853_+,,0.5098458386760552
1746.0,36.0,22_31955838_31957903_+,,0.9718003337257393
386.0,9.0,X_54815382_54816312_+,,0.6184105706298598
521.0,72.0,X_54815382_54816312_+,,0.3733819426973142
644.0,72.0,4_17623498_17634405_+,,0.6157602358024247
2084.0,72.0,4_17623498_17634405_+,,0.2866975704186112
10553.0,54.0,4_17623498_17634405_+,,0.045934673107214524
636.0,63.0,15_60346833_60347989_-,,0.9925762546168415
476.0,27.0,X_72271741_72273072_-,,0.9836427039804142
700.0,63.0,9_98015131_98016243_+,,0.9945842305918938
805.0,54.0,10_80431799_80437415_+,,0.6247928485490408
1183.0,18.0,10_80431799_80437415_+,,0.3455631730141966
664.0,18.0,7_99365590_99366562_+,,0.9799530212035029
1224.0,72.0,7_113116417_113118461_-,,0.04696364329738151
1710.0,54.0,7_113116417_113118461_-,,0.9347281631123562
1611.0,45.0,19_41305375_41307898_+,,0.5520654331652085
1980.0,36.0,19_41305375_41307898_+,,0.15467867064701316
2232.0,36.0,19_41305375_41307898_+,,0.282191468397317
1215.0,9.0,3_23917549_23924674_+,,0.06863914835611531
1971.0,9.0,3_23917549_23924674_+,,0.626377914273654
2151.0,72.0,3_23917549_23924674_+,,0.17417837661613017
3267.0,45.0,3_23917549_23924674_+,,0.12190544074227269
484.0,9.0,7_54754491_54756181_-,,0.9991650632056122
414.0,9.0,4_118278889_118279620_+,,0.679571707901417
747.0,9.0,4_118278889_118279620_+,,0.31972526611843005
1794.0,45.0,4_173331394_173333514_-,,0.9154528611620203
655.0,27.0,15_65887400_65892291_+,,0.6825425237941121
2041.0,54.0,15_65887400_65892291_+,,0.2581608478811051
1217.0,54.0,7_116917426_116922349_+,,0.6032507332871833
1793.0,63.0,7_116917426_116922349_+,,0.3826537923951583
875.0,54.0,11_64316159_64317600_-,,0.966276433070816
3681.0,36.0,X_48893146_48897158_-,,0.9774072964223989
1181.0,54.0,6_41653018_41654546_+,,0.9821682594807339
381.0,9.0,17_38852562_38853294_-,,0.37990780025794646
786.0,9.0,17_38852562_38853294_-,,0.6191766603709905
2523.0,54.0,12_110434524_110437452_-,,0.9640741962266168
1723.0,72.0,2_5693747_5701685_+,,0.6098496162810871
5881.0,9.0,2_5693747_5701685_+,,0.013653938072845522
6619.0,54.0,2_5693747_5701685_+,,0.11495342325389457
7609.0,45.0,2_5693747_5701685_+,,0.1952886030445635
4136.0,45.0,2_216660256_216664736_+,,0.9797302802520509
466.0,9.0,18_21623618_21624239_+,,0.9977418744685089
733.0,36.0,9_36211302_36212361_+,,0.9929023721004796
486.0,18.0,7_99457889_99460493_-,,0.1432551542557869
1431.0,9.0,7_99457889_99460493_-,,0.3486829434141023
2295.0,27.0,7_99457889_99460493_-,,0.498319352079586
3717.0,63.0,12_130872535_130877978_+,,0.8985517854366833
5040.0,72.0,12_130872535_130877978_+,,0.08060737285787191
2076.0,36.0,9_137241610_137244007_+,,0.9886727044452503
1463.0,54.0,17_7930044_7931876_-,,0.9780298368700105
439.0,9.0,19_14565777_14567130_-,,0.2656842960464316
1042.0,27.0,19_14565777_14567130_-,,0.7272935465920137
331.0,9.0,3_49022401_49023795_+,,0.030390748584935887
799.0,72.0,3_49022401_49023795_+,,0.9471639788851547
1024.0,63.0,3_49022401_49023795_+,,0.01679532381282107
2306.0,9.0,22_39312581_39315855_-,,0.12512397608956805
2729.0,9.0,22_39312581_39315855_-,,0.599940673994546
3035.0,45.0,22_39312581_39315855_-,,0.24495084429818603
1429.0,36.0,5_151660795_151663899_-,,0.9152809823814211
2419.0,27.0,5_151660795_151663899_-,,0.05111796956628529
4102.0,36.0,11_123057188_123061629_-,,0.9836270421981765
1184.0,72.0,14_69767837_69772305_+,,0.10725066177096113
2732.0,63.0,14_69767837_69772305_+,,0.0832803735446144
3830.0,63.0,14_69767837_69772305_+,,0.30349282068239697
4154.0,27.0,14_69767837_69772305_+,,0.4091786174254475
3167.0,9.0,6_31666520_31670643_+,,0.5886313040662547
3563.0,18.0,6_31666520_31670643_+,,0.4072971216028715
531.0,9.0,19_46837835_46838848_-,,0.22235146655134974
684.0,36.0,19_46837835_46838848_-,,0.7662381398801692
4027.0,72.0,17_63827319_63832326_+,,0.010844153463261381
4288.0,72.0,17_63827319_63832326_+,,0.1664338618998808
4504.0,72.0,17_63827319_63832326_+,,0.7987972984253218
1009.0,9.0,15_24977477_24979023_+,,0.8024445949914512
1180.0,18.0,15_24977477_24979023_+,,0.1798315113575148
863.0,27.0,15_68778234_68780773_-,,0.32642482351643365
1844.0,36.0,15_68778234_68780773_-,,0.49764338195142316
2213.0,27.0,15_68778234_68780773_-,,0.11289636351883091
497.0,18.0,7_96687650_96689266_-,,0.9890765019262935
821.0,36.0,5_137745350_137753448_-,,0.6743640231060407
1874.0,72.0,5_137745350_137753448_-,,0.26666496192969824
508.0,36.0,18_56596907_56603356_-,,0.9568978130112726
484.0,9.0,21_33903152_33904321_-,,0.2256050257730383
871.0,9.0,21_33903152_33904321_-,,0.7594601367759495
260.0,9.0,6_132816501_132817177_+,,0.6489471239162088
719.0,9.0,6_132816501_132817177_+,,0.33258447376055206
556.0,27.0,11_118408699_118410151_+,,0.8006631460312371
1123.0,36.0,11_118408699_118410151_+,,0.16643337277570044
619.0,9.0,X_71299641_71301468_+,,0.05338690661092717
1510.0,27.0,X_71299641_71301468_+,,0.9421135124422629
2285.0,45.0,16_89277177_89288970_-,,0.07576109830104293
3707.0,72.0,16_89277177_89288970_-,,0.315242077346871
4472.0,72.0,16_89277177_89288970_-,,0.23610334608158495
4760.0,45.0,16_89277177_89288970_-,,0.10356841880352936
5561.0,72.0,16_89277177_89288970_-,,0.1564766308502793
6731.0,72.0,16_89277177_89288970_-,,0.057408323778271125
2277.0,9.0,15_84669237_84672047_-,,0.3829039234909221
2448.0,54.0,15_84669237_84672047_-,,0.6061304431039984
1101.0,36.0,10_119167402_119168833_-,,0.9765080349012678
1322.0,9.0,16_55493_57969_+,,0.06609902559858265
1952.0,63.0,16_55493_57969_+,,0.8951522909142318
1421.0,45.0,2_230877799_230879548_+,,0.9909567350985482
2855.0,9.0,12_112404889_112408638_-,,0.30175669964983703
3449.0,27.0,12_112404889_112408638_-,,0.6724236225138346
602.0,9.0,7_140702565_140703310_+,,0.9996828442967836
2591.0,54.0,19_14562840_14566280_+,,0.28284214630988475
3104.0,45.0,19_14562840_14566280_+,,0.6984815120832867
520.0,54.0,20_23633347_23634215_-,,0.9860996100302446
1881.0,27.0,5_131158726_131161184_-,,0.9945118261191108
3751.0,45.0,12_52896886_52900983_-,,0.9859748850470271
813.0,9.0,8_98041785_98042517_-,,0.9985686284123749
504.0,45.0,6_31730280_31731141_-,,0.9915698449504887
884.0,27.0,7_101239157_101240528_-,,0.9507822102380971
693.0,45.0,X_81296894_81298847_+,,0.12951772623842214
1629.0,36.0,X_81296894_81298847_+,,0.8571562103825584
2167.0,27.0,14_68787359_68790792_-,,0.4343256039131719
2806.0,72.0,14_68787359_68790792_-,,0.15643716505174599
3112.0,36.0,14_68787359_68790792_-,,0.3926205969185069
307.0,9.0,16_83807977_83809725_+,,0.10599816910701344
973.0,9.0,16_83807977_83809725_+,,0.08366490301560112
1630.0,9.0,16_83807977_83809725_+,,0.8099984311502546
506.0,18.0,14_21208835_21213417_-,,0.053240887328736414
2450.0,36.0,14_21208835_21213417_-,,0.4334611055121105
2837.0,36.0,14_21208835_21213417_-,,0.45934115872927883
431.0,9.0,13_27255100_27255826_+,,0.9994737830092892
1853.0,9.0,11_65497461_65506816_+,,0.33458437075495123
2276.0,72.0,11_65497461_65506816_+,,0.6192256674038236
6184.0,27.0,3_53224406_53231850_-,,0.8921427854714123
511.0,18.0,8_73944818_73947120_-,,0.29159429963271505
709.0,36.0,8_73944818_73947120_-,,0.5038575317478994
1069.0,72.0,8_73944818_73947120_-,,0.09513713703669104
1456.0,72.0,8_73944818_73947120_-,,0.08650097500520233
701.0,18.0,X_12976511_12977527_+,,0.9954588070572422
1528.0,36.0,12_54349319_54352149_+,,0.5719295617219654
2491.0,45.0,12_54349319_54352149_+,,0.41205415663040373
663.0,9.0,17_28720406_28721561_+,,0.9972153207752208
1519.0,36.0,10_32900018_32901935_-,,0.9807055810072031
926.0,9.0,19_1105065_1107091_+,,0.2100217482992046
1412.0,9.0,19_1105065_1107091_+,,0.1018063535880582
1664.0,63.0,19_1105065_1107091_+,,0.6657519591264546
342.0,18.0,9_137552195_137552855_+,,0.9847479662933091
611.0,9.0,17_39202688_39203379_+,,0.9992493139821323
520.0,36.0,11_64244179_64245053_-,,0.9825748803630951
703.0,45.0,2_200821878_200827638_+,,0.10592925029531945
1909.0,72.0,2_200821878_200827638_+,,0.85465331117327
565.0,9.0,22_37886464_37887168_+,,0.9953976630484102
502.0,9.0,13_45333170_45339076_-,,0.1212996940955782
1897.0,27.0,13_45333170_45339076_-,,0.660910234236542
2167.0,63.0,13_45333170_45339076_-,,0.21165192135713035
393.0,9.0,8_99885691_99887804_-,,0.9850043751119059
2770.0,36.0,14_103519358_103522477_-,,0.9850947338573549
590.0,9.0,8_81283572_81285077_+,,0.4237976389475375
1220.0,9.0,8_81283572_81285077_+,,0.5727116722213995
4487.0,36.0,15_66497714_66503829_-,,0.9605778905708141
676.0,45.0,5_10433293_10440688_+,,0.07318409543418497
2053.0,36.0,5_10433293_10440688_+,,0.13424103955855565
3709.0,36.0,5_10433293_10440688_+,,0.19402727578731802
4006.0,72.0,5_10433293_10440688_+,,0.05904900317665881
4528.0,45.0,5_10433293_10440688_+,,0.5058625921240676
492.0,9.0,3_101685728_101686857_-,,0.7355618707636504
1131.0,9.0,3_101685728_101686857_-,,0.2638072161355838
711.0,72.0,20_54218718_54220253_+,,0.9230731933575195
1197.0,72.0,20_54218718_54220253_+,,0.06425772759271914
4022.0,72.0,11_65422497_65445840_+,,0.07606960193999308
10484.0,27.0,11_65422497_65445840_+,,0.1359282910060424
17153.0,54.0,11_65422497_65445840_+,,0.15301993762700256
17927.0,45.0,11_65422497_65445840_+,,0.3027467400050002
18161.0,72.0,11_65422497_65445840_+,,0.2612870846562384
408.0,72.0,6_21595659_21598919_+,,0.26126269292451426
1272.0,45.0,6_21595659_21598919_+,,0.29028224292497945
2919.0,63.0,6_21595659_21598919_+,,0.4378757215053967
5889.0,45.0,22_37023891_37030122_+,,0.9849370307288299
1854.0,45.0,12_6868957_6871248_+,,0.9874759824384581
394.0,63.0,17_28723418_28724659_+,,0.4343123351044911
916.0,27.0,17_28723418_28724659_+,,0.5391765485267264
723.0,45.0,19_4657244_4658304_-,,0.9895501468153637
646.0,9.0,19_54205975_54207947_+,,0.5057549113700494
1690.0,9.0,19_54205975_54207947_+,,0.4597902345471008
468.0,9.0,11_811380_812114_+,,0.9994540286937096
1952.0,9.0,8_144789464_144792214_-,,0.26241532919313254
2438.0,27.0,8_144789464_144792214_-,,0.7046943339594621
765.0,72.0,12_6769543_6771252_+,,0.005426795770319873
1368.0,45.0,12_6769543_6771252_+,,0.9787510621696006
557.0,27.0,17_43002372_43003259_+,,0.9714409412297424
470.0,27.0,22_23971064_23971850_-,,0.9937101342174134
2873.0,45.0,3_196935101_196939732_-,,0.09987610500326033
4295.0,45.0,3_196935101_196939732_-,,0.8341565813181524
1169.0,45.0,10_71815997_71817740_-,,0.3754276295350722
1430.0,36.0,10_71815997_71817740_-,,0.6113915737880244
272.0,9.0,5_1814371_1814999_+,,0.9999034858862664
1251.0,36.0,19_49107324_49108905_+,,0.9905059959183417
412.0,9.0,19_47756387_47757358_+,,0.9459176106477679
5497.0,45.0,17_64499315_64505142_-,,0.9483365955700954
872.0,9.0,12_6537283_6538674_+,,0.3897507807559036
1097.0,18.0,12_6537283_6538674_+,,0.5978988192221915
1062.0,27.0,19_12943412_12944789_+,,0.9839187436335084
1125.0,45.0,17_32940485_32945406_+,,0.9873268000105504
320.0,9.0,19_55387880_55388542_+,,0.9224701366937182
563.0,54.0,19_55387880_55388542_+,,0.072484937542697
498.0,9.0,9_124860678_124861855_-,,0.9984512511653841
1213.0,72.0,17_1343971_1345799_-,,0.9842396617911169
891.0,36.0,21_34142107_34143334_+,,0.9931354773944406
540.0,9.0,8_96225619_96232240_-,,0.16751547377583031
1314.0,27.0,8_96225619_96232240_-,,0.7157349628129691
2461.0,36.0,16_88809038_88811956_-,,0.9448409136607588
528.0,45.0,21_46132252_46133149_+,,0.9900040766472289
620.0,9.0,12_103947010_103948227_+,,0.30316557023992946
926.0,18.0,12_103947010_103948227_+,,0.6848961515228372
959.0,9.0,7_44799091_44803417_+,,0.07962947389106657
2525.0,18.0,7_44799091_44803417_+,,0.887615599585456
854.0,72.0,8_26410063_26413429_+,,0.5148544588533348
3032.0,45.0,8_26410063_26413429_+,,0.4609390820055596
367.0,9.0,20_49280382_49281072_+,,0.6039067750309215
772.0,9.0,20_49280382_49281072_+,,0.39591023708937934
567.0,27.0,X_101395034_101396454_+,,0.9191631534583918
596.0,9.0,19_9847729_9849982_+,,0.006392910239254149
1919.0,54.0,19_9847729_9849982_+,,0.9797346065667016
718.0,36.0,4_41267686_41268755_+,,0.9953588977088949
684.0,36.0,7_134442049_134443070_-,,0.9942905446668321
317.0,9.0,19_36113409_36114551_-,,0.07662481531570572
515.0,72.0,19_36113409_36114551_-,,0.6445808649725439
866.0,45.0,19_36113409_36114551_-,,0.27390122693289976
255.0,36.0,9_19375414_19376688_-,,0.3691582178650286
435.0,36.0,9_19375414_19376688_-,,0.6222558473305856
710.0,9.0,11_66434774_66437726_-,,0.05968596087375904
1871.0,18.0,11_66434774_66437726_-,,0.8960885225896797
408.0,9.0,5_151742015_151746624_-,,0.5578402204844342
3819.0,27.0,5_151742015_151746624_-,,0.4358303534139334
649.0,27.0,15_92897423_92900001_+,,0.8988339382106809
1324.0,63.0,15_92897423_92900001_+,,0.07809682034903512
1000.0,45.0,12_56159286_56163796_+,,0.19488471251380382
1189.0,36.0,12_56159286_56163796_+,,0.4926716039460404
1594.0,9.0,12_56159286_56163796_+,,0.06165515408304181
2332.0,27.0,12_56159286_56163796_+,,0.21148701185199223
595.0,9.0,2_216498969_216504386_+,,0.6220875790679599
1243.0,9.0,2_216498969_216504386_+,,0.3154988404775
2566.0,63.0,2_216498969_216504386_+,,0.051953487695790244
486.0,18.0,8_108200915_108202223_-,,0.9859387840505724
1604.0,9.0,11_68031851_68036944_+,,0.17301915497085563
4736.0,54.0,11_68031851_68036944_+,,0.7732665493362997
303.0,9.0,12_120438078_120439110_+,,0.11163256997417696
627.0,9.0,12_120438078_120439110_+,,0.8882982056753068
269.0,9.0,20_49278639_49279328_+,,0.47153352720987696
746.0,9.0,20_49278639_49279328_+,,0.5278543632799815
920.0,54.0,18_672559_673878_+,,0.9814833035611881
1827.0,36.0,11_72096991_72099158_-,,0.9870319055663987
651.0,36.0,10_100523676_100524388_-,,0.9860071565656076
577.0,45.0,15_59637761_59639457_-,,0.9621370798573319
978.0,63.0,X_24076485_24078271_+,,0.4258361469357248
1455.0,36.0,X_24076485_24078271_+,,0.5472468275657928
349.0,9.0,9_133350546_133351212_+,,0.626509924094473
709.0,9.0,9_133350546_133351212_+,,0.37193083154540835
853.0,27.0,3_179623619_179627947_+,,0.9829481336345948
1170.0,9.0,11_7994125_8002162_+,,0.12258407320314005
1413.0,9.0,11_7994125_8002162_+,,0.539994112484335
2088.0,9.0,11_7994125_8002162_+,,0.30728802145799294
1460.0,36.0,22_31104471_31106265_-,,0.9692533255969024
877.0,54.0,19_58551265_58552738_-,,0.20744443221754091
1165.0,18.0,19_58551265_58552738_-,,0.7833853838131337
596.0,9.0,12_95860867_95862141_+,,0.9999653114322574
3811.0,45.0,6_125275049_125279714_-,,0.9498119494178396
353.0,72.0,19_46608824_46611093_+,,0.3019504558619969
1964.0,9.0,19_46608824_46611093_+,,0.6839716111848058
373.0,36.0,3_181713014_181714736_+,,0.5041369525031303
1390.0,45.0,3_181713014_181714736_+,,0.4618858906591138
641.0,27.0,9_123379662_123380624_+,,0.9969592577704943
495.0,9.0,9_99230124_99230915_+,,0.9927535718942974
2438.0,72.0,12_108566889_108569684_+,,0.9492775129753402
592.0,36.0,15_78896682_78898433_+,,0.06565191456485289
1033.0,27.0,15_78896682_78898433_+,,0.9281375866294325
936.0,9.0,11_46381993_46384137_+,,0.1526041315597177
1800.0,18.0,11_46381993_46384137_+,,0.8376767153517136
422.0,27.0,17_74209017_74210955_+,,0.9437824308386565
601.0,72.0,11_57741508_57743814_+,,0.30630371690308345
862.0,27.0,11_57741508_57743814_+,,0.4888117613465181
1564.0,36.0,11_57741508_57743814_+,,0.18604246632491198
502.0,9.0,8_100702615_100705356_-,,0.12719852258921993
1150.0,18.0,8_100702615_100705356_-,,0.22640846729360217
2167.0,45.0,8_100702615_100705356_-,,0.14511532903681928
2428.0,27.0,8_100702615_100705356_-,,0.49675388886912264
367.0,9.0,19_55386269_55392400_+,,0.055549659826956164
601.0,9.0,19_55386269_55392400_+,,0.5276688644401597
1933.0,9.0,19_55386269_55392400_+,,0.3782674493488438
507.0,72.0,19_35545587_35547826_+,,0.021672527699351147
1515.0,72.0,19_35545587_35547826_+,,0.0606619440700089
1839.0,72.0,19_35545587_35547826_+,,0.9034293080250074
709.0,27.0,2_189011327_189013046_+,,0.5024491960966871
1393.0,36.0,2_189011327_189013046_+,,0.4854752024324666
1800.0,27.0,12_93405372_93411170_-,,0.6955902695614957
2781.0,36.0,12_93405372_93411170_-,,0.233845611287154
3452.0,63.0,17_44319324_44323152_-,,0.9912974970034919
752.0,9.0,13_27254763_27255435_+,,0.9994545093624674
871.0,36.0,19_52225519_52229833_+,,0.971647258458487
2246.0,36.0,6_36967840_36970414_-,,0.9864040376858016
244.0,9.0,7_6402015_6404277_+,,0.07180006507649472
568.0,63.0,7_6402015_6404277_+,,0.36761110045509493
1936.0,36.0,7_6402015_6404277_+,,0.5496545199565088
351.0,9.0,10_103391890_103392493_-,,0.9878986462079433
647.0,45.0,3_101592326_101594737_+,,0.09085068423177675
2087.0,36.0,3_101592326_101594737_+,,0.8511448785188127
523.0,9.0,3_156539839_156544739_-,,0.06229635511810876
1720.0,45.0,3_156539839_156544739_-,,0.6515715637986852
1864.0,72.0,3_156539839_156544739_-,,0.12110289391540763
3394.0,72.0,3_156539839_156544739_-,,0.0869570368279008
4582.0,36.0,3_156539839_156544739_-,,0.05091556906434855
491.0,9.0,19_58549984_58550676_+,,0.18755617595731508
707.0,9.0,19_58549984_58550676_+,,0.8095344000568359
403.0,45.0,17_28723381_28724053_+,,0.8756999996812226
763.0,9.0,17_28723381_28724053_+,,0.013765158304162124
4447.0,45.0,17_81842858_81847647_-,,0.9805086243902283
964.0,72.0,17_27311909_27316226_+,,0.6046602381689592
1486.0,36.0,17_27311909_27316226_+,,0.11284751570673592
1693.0,36.0,17_27311909_27316226_+,,0.26880548458540654
601.0,18.0,2_119371944_119372860_+,,0.9853814834554393
400.0,9.0,19_2425323_2427247_-,,0.08955586094058375
652.0,36.0,19_2425323_2427247_-,,0.8911083056978008
1728.0,27.0,4_140380804_140386026_+,,0.962423409468979
656.0,72.0,11_2882912_2884303_-,,0.6703452859689454
1070.0,18.0,11_2882912_2884303_-,,0.3186797046400816
314.0,9.0,15_69455127_69456494_+,,0.8764402239088208
449.0,63.0,15_69455127_69456494_+,,0.10025936561610058
926.0,36.0,19_43606918_43608407_-,,0.9614442321634113
2069.0,9.0,10_17233469_17237893_+,,0.1145200718809744
3095.0,36.0,10_17233469_17237893_+,,0.07155436861186594
4103.0,27.0,10_17233469_17237893_+,,0.7728388927845383
1087.0,36.0,12_112021867_112023751_+,,0.9760896753857268
487.0,45.0,17_7930226_7930905_-,,0.9912387277210526
2313.0,36.0,12_49184495_49187133_-,,0.9890221226236974
645.0,9.0,13_75529408_75530705_-,,0.9998318503356963
1215.0,36.0,16_2252815_2254363_-,,0.9899215174490535
601.0,9.0,19_41868730_41869492_+,,0.9995491306402656
594.0,9.0,19_48960509_48962098_+,,0.3272047267528994
1296.0,9.0,19_48960509_48962098_+,,0.6667169243266187
1702.0,27.0,9_83967782_83970631_-,,0.6209221905824521
2395.0,72.0,9_83967782_83970631_-,,0.36772353650281175
384.0,9.0,2_231711224_231711947_+,,0.9971082310073812
521.0,36.0,6_37482619_37483485_-,,0.9908279743304483
1429.0,27.0,11_112084499_112086595_-,,0.912274131470902
1735.0,54.0,11_112084499_112086595_-,,0.07305073057307569
1268.0,54.0,17_81822060_81823714_-,,0.9790157211678517
468.0,36.0,15_74919490_74920742_-,,0.9424044333129502
3275.0,36.0,22_38483139_38486740_-,,0.9578521060247799
285.0,27.0,6_132815006_132815679_+,,0.9997907775151726
766.0,27.0,12_92139977_92144747_-,,0.37925455308686296
1603.0,36.0,12_92139977_92144747_-,,0.608242088245432
416.0,18.0,22_29767287_29767907_+,,0.9991258756411523
996.0,45.0,16_634126_635640_-,,0.1404923315682821
1194.0,27.0,16_634126_635640_-,,0.8359038541654646
1817.0,27.0,12_123596304_123598877_+,,0.9667626061290159
1055.0,36.0,12_91102328_91104619_-,,0.9702544790855164
345.0,9.0,5_82273057_82277988_-,,0.053571124948881506
1677.0,9.0,5_82273057_82277988_-,,0.19352053687591317
1929.0,45.0,5_82273057_82277988_-,,0.7408989885516903
643.0,36.0,7_101223372_101224490_+,,0.4442738798955186
832.0,9.0,7_101223372_101224490_+,,0.5387573198002192
889.0,36.0,16_1324429_1327318_+,,0.9526683513902556
2385.0,45.0,11_17074088_17077777_-,,0.2926786983431695
2754.0,9.0,11_17074088_17077777_-,,0.5227419911400777
3465.0,36.0,11_17074088_17077777_-,,0.1384005526663641
1115.0,36.0,17_16381601_16383045_+,,0.9586490657479596
1387.0,36.0,8_58581440_58583160_+,,0.9601494241790988
1793.0,72.0,12_65962944_65966595_+,,0.089625924925352
3269.0,36.0,12_65962944_65966595_+,,0.8470780704636887
251.0,9.0,11_57741917_57743284_+,,0.14936453307131187
458.0,36.0,11_57741917_57743284_+,,0.6065731690553459
1169.0,36.0,11_57741917_57743284_+,,0.21824645874756443
1594.0,36.0,9_35099475_35102111_-,,0.0500124945473973
2197.0,27.0,9_35099475_35102111_-,,0.9393370940387816
1684.0,9.0,3_180983408_180988529_-,,0.06565518272223528
2701.0,9.0,3_180983408_180988529_-,,0.20065541839451587
3988.0,18.0,3_180983408_180988529_-,,0.38118879264667777
4474.0,54.0,3_180983408_180988529_-,,0.10614142086215228
4807.0,36.0,3_180983408_180988529_-,,0.18477276095255715
5958.0,9.0,5_181236608_181243980_-,,0.16261169850703294
6444.0,9.0,5_181236608_181243980_-,,0.5499475496924647
7092.0,36.0,5_181236608_181243980_-,,0.26923314531033515
1619.0,45.0,16_67869659_67872867_+,,0.9284369494748272
2879.0,45.0,16_67869659_67872867_+,,0.05487608961997543
745.0,36.0,19_55399444_55402062_-,,0.9852350362578788
946.0,9.0,X_47584904_47587089_+,,0.40475831183562433
1891.0,9.0,X_47584904_47587089_+,,0.5446811367791852
1180.0,72.0,8_48060381_48065008_+,,0.731701654147059
2179.0,27.0,8_48060381_48065008_+,,0.1901198246465446
2491.0,72.0,3_185915605_185919796_-,,0.41469913274190623
3022.0,36.0,3_185915605_185919796_-,,0.5716908728341059
578.0,54.0,19_41869326_41869998_+,,0.7673908444176111
1791.0,36.0,5_178149159_178151293_-,,0.9833889403097557
300.0,9.0,7_25119790_25124149_-,,0.008424163148544666
597.0,72.0,7_25119790_25124149_-,,0.06300438612501595
1254.0,72.0,7_25119790_25124149_-,,0.9134440456524151
754.0,72.0,5_83052545_83057454_-,,0.4163717207496972
1141.0,72.0,5_83052545_83057454_-,,0.4015078813037435
4579.0,36.0,5_83052545_83057454_-,,0.1450315474538702
2502.0,36.0,2_47159781_47162692_-,,0.9866260967662691
1030.0,45.0,2_9583671_9585645_-,,0.08387181638333831
1372.0,54.0,2_9583671_9585645_-,,0.442407416595984
1651.0,36.0,2_9583671_9585645_-,,0.45805805224043894
476.0,9.0,17_8377215_8377992_-,,0.9821547850070251
